{"type":"Feature","properties":{"crs_definition":"+proj=tmerc +lat_0=38 +lon_0=127.5 +k=0.9996 +x_0=1000000 +y_0=2000000 +ellps=GRS80 +towgs84=0,0,0,0,0,0,0 +units=m +no_defs","cell_size_m":100,"description":"GridConstants.java 기준 100m 격자. 청계천 주변 500m까지 생성."},"geometry":{"type":"MultiLineString","coordinates":[[[126.97246077,37.547257907],[126.972454417,37.548159229],[126.972448065,37.549060549],[126.972441712,37.54996187],[126.972435359,37.550863191],[126.972429006,37.551764511],[126.972422653,37.552665832],[126.972416299,37.553567152],[126.972409945,37.554468472],[126.97240359,37.555369792],[126.972397235,37.556271112],[126.972390881,37.557172432],[126.972384525,37.558073751],[126.97237817,37.55897507],[126.972371814,37.55987639],[126.972365458,37.560777709],[126.972359101,37.561679028],[126.972352745,37.562580347],[126.972346388,37.563481665],[126.972340031,37.564382984],[126.972333673,37.565284302],[126.972327315,37.566185621],[126.972320957,37.567086939],[126.972314599,37.567988257],[126.97230824,37.568889575],[126.972301881,37.569790892],[126.972295522,37.57069221],[126.972289163,37.571593527],[126.972282803,37.572494845],[126.972276443,37.573396162],[126.972270082,37.574297479],[126.972263722,37.575198796],[126.972257361,37.576100113],[126.972251,37.577001429]],[[126.973592784,37.54726296],[126.973586446,37.548164281],[126.973580107,37.549065602],[126.973573768,37.549966923],[126.973567428,37.550868244],[126.973561089,37.551769564],[126.973554749,37.552670885],[126.973548409,37.553572205],[126.973542068,37.554473525],[126.973535727,37.555374846],[126.973529386,37.556276166],[126.973523045,37.557177485],[126.973516703,37.558078805],[126.973510362,37.558980125],[126.973504019,37.559881444],[126.973497677,37.560782763],[126.973491334,37.561684083],[126.973484991,37.562585402],[126.973478648,37.56348672],[126.973472304,37.564388039],[126.97346596,37.565289358],[126.973459616,37.566190676],[126.973453272,37.567091994],[126.973446927,37.567993313],[126.973440582,37.568894631],[126.973434237,37.569795949],[126.973427891,37.570697266],[126.973421545,37.571598584],[126.973415199,37.572499901],[126.973408853,37.573401219],[126.973402506,37.574302536],[126.973396159,37.575203853],[126.973389812,37.57610517],[126.973383464,37.577006487]],[[126.974724799,37.547268001],[126.974718474,37.548169322],[126.974712149,37.549070643],[126.974705824,37.549971965],[126.974699498,37.550873286],[126.974693172,37.551774606],[126.974686846,37.552675927],[126.974680519,37.553577248],[126.974674192,37.554478568],[126.974667865,37.555379888],[126.974661538,37.556281208],[126.97465521,37.557182528],[126.974648882,37.558083848],[126.974642554,37.558985168],[126.974636225,37.559886488],[126.974629896,37.560787807],[126.974623567,37.561689126],[126.974617238,37.562590446],[126.974610908,37.563491765],[126.974604578,37.564393083],[126.974598248,37.565294402],[126.974591917,37.566195721],[126.974585587,37.567097039],[126.974579256,37.567998358],[126.974572924,37.568899676],[126.974566593,37.569800994],[126.974560261,37.570702312],[126.974553928,37.57160363],[126.974547596,37.572504947],[126.974541263,37.573406265],[126.97453493,37.574307582],[126.974528597,37.575208899],[126.974522263,37.576110216],[126.974515929,37.577011533]],[[126.975856814,37.547273031],[126.975850503,37.548174353],[126.975844192,37.549075674],[126.97583788,37.549976995],[126.975831568,37.550878317],[126.975825255,37.551779638],[126.975818943,37.552680958],[126.97581263,37.553582279],[126.975806316,37.5544836],[126.975800003,37.55538492],[126.975793689,37.55628624],[126.975787375,37.557187561],[126.975781061,37.558088881],[126.975774746,37.558990201],[126.975768431,37.55989152],[126.975762116,37.56079284],[126.975755801,37.561694159],[126.975749485,37.562595479],[126.975743169,37.563496798],[126.975736852,37.564398117],[126.975730536,37.565299436],[126.975724219,37.566200755],[126.975717902,37.567102073],[126.975711584,37.568003392],[126.975705267,37.56890471],[126.975698949,37.569806028],[126.97569263,37.570707346],[126.975686312,37.571608664],[126.975679993,37.572509982],[126.975673674,37.5734113],[126.975667355,37.574312617],[126.975661035,37.575213935],[126.975654715,37.576115252],[126.975648395,37.577016569]],[[126.97698883,37.547278051],[126.976982532,37.548179372],[126.976976234,37.549080694],[126.976969936,37.549982015],[126.976963638,37.550883337],[126.976957339,37.551784658],[126.97695104,37.552685979],[126.976944741,37.5535873],[126.976938441,37.554488621],[126.976932141,37.555389941],[126.976925841,37.556291262],[126.976919541,37.557192582],[126.97691324,37.558093902],[126.976906939,37.558995222],[126.976900638,37.559896542],[126.976894336,37.560797862],[126.976888034,37.561699182],[126.976881732,37.562600501],[126.97687543,37.56350182],[126.976869127,37.56440314],[126.976862824,37.565304459],[126.976856521,37.566205778],[126.976850217,37.567107096],[126.976843914,37.568008415],[126.976837609,37.568909734],[126.976831305,37.569811052],[126.976825,37.57071237],[126.976818696,37.571613688],[126.97681239,37.572515006],[126.976806085,37.573416324],[126.976799779,37.574317642],[126.976793473,37.575218959],[126.976787167,37.576120277],[126.97678086,37.577021594]],[[126.978120845,37.547283059],[126.978114562,37.548184381],[126.978108277,37.549085703],[126.978101993,37.549987025],[126.978095708,37.550888346],[126.978089423,37.551789667],[126.978083137,37.552690989],[126.978076852,37.55359231],[126.978070566,37.554493631],[126.97806428,37.555394951],[126.978057993,37.556296272],[126.978051706,37.557197592],[126.978045419,37.558098913],[126.978039132,37.559000233],[126.978032844,37.559901553],[126.978026556,37.560802873],[126.978020268,37.561704193],[126.97801398,37.562605512],[126.978007691,37.563506832],[126.978001402,37.564408151],[126.977995113,37.565309471],[126.977988823,37.56621079],[126.977982533,37.567112109],[126.977976243,37.568013427],[126.977969952,37.568914746],[126.977963662,37.569816065],[126.977957371,37.570717383],[126.977951079,37.571618701],[126.977944788,37.57252002],[126.977938496,37.573421338],[126.977932204,37.574322655],[126.977925912,37.575223973],[126.977919619,37.576125291],[126.977913326,37.577026608]],[[126.979252862,37.547288057],[126.979246591,37.548189379],[126.979240321,37.549090701],[126.97923405,37.549992023],[126.979227778,37.550893345],[126.979221507,37.551794666],[126.979215235,37.552695987],[126.979208963,37.553597309],[126.979202691,37.55449863],[126.979196418,37.555399951],[126.979190145,37.556301271],[126.979183872,37.557202592],[126.979177599,37.558103913],[126.979171325,37.559005233],[126.979165051,37.559906553],[126.979158777,37.560807873],[126.979152502,37.561709193],[126.979146227,37.562610513],[126.979139952,37.563511833],[126.979133677,37.564413152],[126.979127401,37.565314472],[126.979121125,37.566215791],[126.979114849,37.56711711],[126.979108573,37.568018429],[126.979102296,37.568919748],[126.979096019,37.569821067],[126.979089741,37.570722385],[126.979083464,37.571623704],[126.979077186,37.572525022],[126.979070908,37.57342634],[126.979064629,37.574327658],[126.97905835,37.575228976],[126.979052071,37.576130294],[126.979045792,37.577031611]],[[126.980384878,37.547293044],[126.980378621,37.548194366],[126.980372364,37.549095688],[126.980366107,37.54999701],[126.980359849,37.550898332],[126.980353591,37.551799654],[126.980347333,37.552700975],[126.980341075,37.553602297],[126.980334816,37.554503618],[126.980328557,37.555404939],[126.980322298,37.55630626],[126.980316038,37.557207581],[126.980309779,37.558108901],[126.980303519,37.559010222],[126.980297258,37.559911542],[126.980290998,37.560812863],[126.980284737,37.561714183],[126.980278475,37.562615503],[126.980272214,37.563516823],[126.980265952,37.564418142],[126.98025969,37.565319462],[126.980253428,37.566220781],[126.980247165,37.567122101],[126.980240902,37.56802342],[126.980234639,37.568924739],[126.980228376,37.569826058],[126.980222112,37.570727376],[126.980215848,37.571628695],[126.980209584,37.572530013],[126.980203319,37.573431332],[126.980197055,37.57433265],[126.98019079,37.575233968],[126.980184524,37.576135286],[126.980178258,37.577036604]],[[126.981516894,37.54729802],[126.981510651,37.548199343],[126.981504408,37.549100665],[126.981498164,37.550001987],[126.98149192,37.550903309],[126.981485676,37.551804631],[126.981479432,37.552705952],[126.981473187,37.553607274],[126.981466942,37.554508595],[126.981460696,37.555409917],[126.981454451,37.556311238],[126.981448205,37.557212559],[126.981441959,37.55811388],[126.981435712,37.5590152],[126.981429466,37.559916521],[126.981423219,37.560817841],[126.981416971,37.561719161],[126.981410724,37.562620482],[126.981404476,37.563521802],[126.981398228,37.564423122],[126.98139198,37.565324441],[126.981385731,37.566225761],[126.981379482,37.56712708],[126.981373233,37.5680284],[126.981366983,37.568929719],[126.981360733,37.569831038],[126.981354483,37.570732357],[126.981348233,37.571633675],[126.981341982,37.572534994],[126.981335731,37.573436313],[126.98132948,37.574337631],[126.981323229,37.575238949],[126.981316977,37.576140267],[126.981310725,37.577041585]],[[126.982648911,37.547302986],[126.982642682,37.548204308],[126.982636452,37.549105631],[126.982630222,37.550006953],[126.982623992,37.550908275],[126.982617761,37.551809597],[126.98261153,37.552710919],[126.982605299,37.55361224],[126.982599068,37.554513562],[126.982592836,37.555414883],[126.982586604,37.556316205],[126.982580372,37.557217526],[126.982574139,37.558118847],[126.982567906,37.559020168],[126.982561673,37.559921488],[126.98255544,37.560822809],[126.982549206,37.561724129],[126.982542972,37.56262545],[126.982536738,37.56352677],[126.982530504,37.56442809],[126.982524269,37.56532941],[126.982518034,37.566230729],[126.982511799,37.567132049],[126.982505563,37.568033369],[126.982499327,37.568934688],[126.982493091,37.569836007],[126.982486855,37.570737326],[126.982480618,37.571638645],[126.982474381,37.572539964],[126.982468144,37.573441282],[126.982461906,37.574342601],[126.982455669,37.575243919],[126.98244943,37.576145238],[126.982443192,37.577046556]],[[126.983780928,37.54730794],[126.983774713,37.548209263],[126.983768496,37.549110585],[126.98376228,37.550011908],[126.983756063,37.55091323],[126.983749846,37.551814552],[126.983743629,37.552715874],[126.983737412,37.553617196],[126.983731194,37.554518518],[126.983724976,37.555419839],[126.983718758,37.556321161],[126.983712539,37.557222482],[126.98370632,37.558123803],[126.983700101,37.559025124],[126.983693881,37.559926445],[126.983687662,37.560827766],[126.983681442,37.561729086],[126.983675221,37.562630407],[126.983669001,37.563531727],[126.98366278,37.564433047],[126.983656559,37.565334367],[126.983650338,37.566235687],[126.983644116,37.567137007],[126.983637894,37.568038327],[126.983631672,37.568939646],[126.983625449,37.569840966],[126.983619226,37.570742285],[126.983613003,37.571643604],[126.98360678,37.572544923],[126.983600556,37.573446242],[126.983594333,37.57434756],[126.983588108,37.575248879],[126.983581884,37.576150197],[126.983575659,37.577051515]],[[126.984912946,37.547312884],[126.984906744,37.548214206],[126.984900541,37.549115529],[126.984894338,37.550016852],[126.984888135,37.550918174],[126.984881932,37.551819496],[126.984875728,37.552720819],[126.984869525,37.553622141],[126.98486332,37.554523462],[126.984857116,37.555424784],[126.984850911,37.556326106],[126.984844706,37.557227427],[126.984838501,37.558128749],[126.984832295,37.55903007],[126.98482609,37.559931391],[126.984819884,37.560832712],[126.984813677,37.561734032],[126.984807471,37.562635353],[126.984801264,37.563536674],[126.984795057,37.564437994],[126.984788849,37.565339314],[126.984782641,37.566240634],[126.984776433,37.567141954],[126.984770225,37.568043274],[126.984764016,37.568944594],[126.984757808,37.569845913],[126.984751598,37.570747232],[126.984745389,37.571648552],[126.984739179,37.572549871],[126.984732969,37.57345119],[126.984726759,37.574352509],[126.984720549,37.575253827],[126.984714338,37.576155146],[126.984708127,37.577056464]],[[126.986044964,37.547317816],[126.986038775,37.548219139],[126.986032586,37.549120462],[126.986026397,37.550021785],[126.986020208,37.550923108],[126.986014018,37.55182443],[126.986007828,37.552725752],[126.986001638,37.553627074],[126.985995447,37.554528396],[126.985989256,37.555429718],[126.985983065,37.55633104],[126.985976874,37.557232362],[126.985970682,37.558133683],[126.98596449,37.559035005],[126.985958298,37.559936326],[126.985952106,37.560837647],[126.985945913,37.561738968],[126.98593972,37.562640289],[126.985933527,37.563541609],[126.985927333,37.56444293],[126.985921139,37.56534425],[126.985914945,37.56624557],[126.985908751,37.56714689],[126.985902556,37.56804821],[126.985896361,37.56894953],[126.985890166,37.56985085],[126.985883971,37.570752169],[126.985877775,37.571653489],[126.985871579,37.572554808],[126.985865383,37.573456127],[126.985859186,37.574357446],[126.985852989,37.575258765],[126.985846792,37.576160084],[126.985840595,37.577061402]],[[126.987176981,37.547322738],[126.987170807,37.548224061],[126.987164631,37.549125384],[126.987158456,37.550026707],[126.98715228,37.55092803],[126.987146104,37.551829353],[126.987139928,37.552730675],[126.987133751,37.553631997],[126.987127574,37.55453332],[126.987121397,37.555434642],[126.98711522,37.556335964],[126.987109042,37.557237285],[126.987102864,37.558138607],[126.987096686,37.559039929],[126.987090507,37.55994125],[126.987084328,37.560842571],[126.987078149,37.561743892],[126.98707197,37.562645213],[126.98706579,37.563546534],[126.98705961,37.564447855],[126.98705343,37.565349175],[126.98704725,37.566250495],[126.987041069,37.567151816],[126.987034888,37.568053136],[126.987028707,37.568954456],[126.987022525,37.569855776],[126.987016343,37.570757095],[126.987010161,37.571658415],[126.987003979,37.572559734],[126.986997796,37.573461054],[126.986991613,37.574362373],[126.98698543,37.575263692],[126.986979246,37.576165011],[126.986973063,37.577066329]],[[126.988309,37.547327649],[126.988302838,37.548228973],[126.988296677,37.549130296],[126.988290515,37.550031619],[126.988284353,37.550932942],[126.98827819,37.551834264],[126.988272028,37.552735587],[126.988265865,37.55363691],[126.988259701,37.554538232],[126.988253538,37.555439554],[126.988247374,37.556340876],[126.98824121,37.557242198],[126.988235046,37.55814352],[126.988228881,37.559044842],[126.988222716,37.559946163],[126.988216551,37.560847484],[126.988210386,37.561748806],[126.98820422,37.562650127],[126.988198054,37.563551448],[126.988191888,37.564452769],[126.988185721,37.565354089],[126.988179554,37.56625541],[126.988173387,37.56715673],[126.98816722,37.568058051],[126.988161052,37.568959371],[126.988154884,37.569860691],[126.988148716,37.57076201],[126.988142548,37.57166333],[126.988136379,37.57256465],[126.98813021,37.573465969],[126.988124041,37.574367289],[126.988117871,37.575268608],[126.988111701,37.576169927],[126.988105531,37.577071246]],[[126.989441018,37.547332549],[126.989434871,37.548233873],[126.989428723,37.549135196],[126.989422574,37.550036519],[126.989416426,37.550937843],[126.989410277,37.551839165],[126.989404128,37.552740488],[126.989397979,37.553641811],[126.989391829,37.554543133],[126.989385679,37.555444456],[126.989379529,37.556345778],[126.989373379,37.5572471],[126.989367228,37.558148422],[126.989361077,37.559049744],[126.989354926,37.559951066],[126.989348774,37.560852387],[126.989342622,37.561753708],[126.98933647,37.56265503],[126.989330318,37.563556351],[126.989324165,37.564457672],[126.989318012,37.565358993],[126.989311859,37.566260313],[126.989305706,37.567161634],[126.989299552,37.568062954],[126.989293398,37.568964275],[126.989287244,37.569865595],[126.989281089,37.570766915],[126.989274934,37.571668235],[126.989268779,37.572569554],[126.989262624,37.573470874],[126.989256468,37.574372193],[126.989250312,37.575273513],[126.989244156,37.576174832],[126.989238,37.577076151]],[[126.990573037,37.547337439],[126.990566903,37.548238762],[126.990560769,37.549140086],[126.990554634,37.550041409],[126.990548499,37.550942732],[126.990542364,37.551844056],[126.990536229,37.552745378],[126.990530093,37.553646701],[126.990523957,37.554548024],[126.990517821,37.555449346],[126.990511684,37.556350669],[126.990505547,37.557251991],[126.99049941,37.558153313],[126.990493273,37.559054635],[126.990487135,37.559955957],[126.990480997,37.560857279],[126.990474859,37.5617586],[126.990468721,37.562659922],[126.990462582,37.563561243],[126.990456443,37.564462564],[126.990450304,37.565363885],[126.990444164,37.566265206],[126.990438024,37.567166527],[126.990431884,37.568067847],[126.990425744,37.568969168],[126.990419603,37.569870488],[126.990413462,37.570771808],[126.990407321,37.571673128],[126.99040118,37.572574448],[126.990395038,37.573475768],[126.990388896,37.574377088],[126.990382754,37.575278407],[126.990376611,37.576179726],[126.990370468,37.577081046]],[[126.991705056,37.547342317],[126.991698936,37.548243641],[126.991692815,37.549144965],[126.991686694,37.550046288],[126.991680573,37.550947612],[126.991674451,37.551848935],[126.991668329,37.552750258],[126.991662207,37.553651581],[126.991656085,37.554552904],[126.991649962,37.555454226],[126.991643839,37.556355549],[126.991637716,37.557256871],[126.991631593,37.558158194],[126.991625469,37.559059516],[126.991619345,37.559960838],[126.991613221,37.56086216],[126.991607096,37.561763481],[126.991600972,37.562664803],[126.991594846,37.563566124],[126.991588721,37.564467446],[126.991582596,37.565368767],[126.99157647,37.566270088],[126.991570343,37.567171409],[126.991564217,37.568072729],[126.99155809,37.56897405],[126.991551963,37.56987537],[126.991545836,37.570776691],[126.991539709,37.571678011],[126.991533581,37.572579331],[126.991527453,37.573480651],[126.991521324,37.574381971],[126.991515196,37.57528329],[126.991509067,37.57618461],[126.991502938,37.577085929]],[[126.992837075,37.547347185],[126.992830969,37.548248509],[126.992824862,37.549149833],[126.992818754,37.550051156],[126.992812647,37.55095248],[126.992806539,37.551853803],[126.992800431,37.552755126],[126.992794322,37.55365645],[126.992788213,37.554557773],[126.992782104,37.555459095],[126.992775995,37.556360418],[126.992769886,37.557261741],[126.992763776,37.558163063],[126.992757666,37.559064385],[126.992751555,37.559965708],[126.992745445,37.56086703],[126.992739334,37.561768351],[126.992733223,37.562669673],[126.992727111,37.563570995],[126.992721,37.564472316],[126.992714888,37.565373638],[126.992708775,37.566274959],[126.992702663,37.56717628],[126.99269655,37.568077601],[126.992690437,37.568978921],[126.992684324,37.569880242],[126.99267821,37.570781562],[126.992672096,37.571682883],[126.992665982,37.572584203],[126.992659867,37.573485523],[126.992653753,37.574386843],[126.992647638,37.575288163],[126.992641523,37.576189482],[126.992635407,37.577090802]],[[126.993969095,37.547352042],[126.993963002,37.548253366],[126.993956908,37.54915469],[126.993950815,37.550056013],[126.993944721,37.550957337],[126.993938626,37.551858661],[126.993932532,37.552759984],[126.993926437,37.553661307],[126.993920342,37.554562631],[126.993914247,37.555463954],[126.993908151,37.556365276],[126.993902055,37.557266599],[126.993895959,37.558167922],[126.993889863,37.559069244],[126.993883766,37.559970566],[126.993877669,37.560871889],[126.993871572,37.561773211],[126.993865474,37.562674533],[126.993859376,37.563575854],[126.993853278,37.564477176],[126.99384718,37.565378497],[126.993841081,37.566279819],[126.993834982,37.56718114],[126.993828883,37.568082461],[126.993822784,37.568983782],[126.993816684,37.569885103],[126.993810584,37.570786423],[126.993804484,37.571687744],[126.993798383,37.572589064],[126.993792283,37.573490384],[126.993786182,37.574391705],[126.99378008,37.575293024],[126.993773979,37.576194344],[126.993767877,37.577095664]],[[126.995101115,37.547356887],[126.995095035,37.548258212],[126.995088956,37.549159536],[126.995082875,37.55006086],[126.995076795,37.550962184],[126.995070714,37.551863507],[126.995064634,37.552764831],[126.995058552,37.553666154],[126.995052471,37.554567478],[126.995046389,37.555468801],[126.995040307,37.556370124],[126.995034225,37.557271447],[126.995028142,37.55817277],[126.99502206,37.559074092],[126.995015977,37.559975415],[126.995009893,37.560876737],[126.99500381,37.561778059],[126.994997726,37.562679381],[126.994991642,37.563580703],[126.994985557,37.564482025],[126.994979472,37.565383346],[126.994973387,37.566284668],[126.994967302,37.567185989],[126.994961217,37.568087311],[126.994955131,37.568988632],[126.994949045,37.569889953],[126.994942959,37.570791273],[126.994936872,37.571692594],[126.994930785,37.572593915],[126.994924698,37.573495235],[126.994918611,37.574396555],[126.994912523,37.575297875],[126.994906435,37.576199195],[126.994900347,37.577100515]],[[126.996233135,37.547361723],[126.996227069,37.548263047],[126.996221003,37.549164371],[126.996214937,37.550065695],[126.99620887,37.550967019],[126.996202803,37.551868343],[126.996196736,37.552769667],[126.996190668,37.553670991],[126.9961846,37.554572314],[126.996178532,37.555473637],[126.996172464,37.556374961],[126.996166395,37.557276284],[126.996160326,37.558177606],[126.996154257,37.559078929],[126.996148188,37.559980252],[126.996142118,37.560881574],[126.996136048,37.561782897],[126.996129978,37.562684219],[126.996123907,37.563585541],[126.996117836,37.564486863],[126.996111765,37.565388185],[126.996105694,37.566289506],[126.996099622,37.567190828],[126.996093551,37.568092149],[126.996087478,37.56899347],[126.996081406,37.569894792],[126.996075333,37.570796112],[126.99606926,37.571697433],[126.996063187,37.572598754],[126.996057114,37.573500074],[126.99605104,37.574401395],[126.996044966,37.575302715],[126.996038892,37.576204035],[126.996032817,37.577105355]],[[126.997365156,37.547366547],[126.997359103,37.548267871],[126.997353051,37.549169196],[126.997346998,37.55007052],[126.997340945,37.550971844],[126.997334891,37.551873168],[126.997328838,37.552774492],[126.997322784,37.553675816],[126.99731673,37.554577139],[126.997310675,37.555478463],[126.99730462,37.556379786],[126.997298565,37.557281109],[126.99729251,37.558182433],[126.997286455,37.559083755],[126.997280399,37.559985078],[126.997274343,37.560886401],[126.997268286,37.561787723],[126.99726223,37.562689046],[126.997256173,37.563590368],[126.997250116,37.56449169],[126.997244058,37.565393012],[126.997238001,37.566294334],[126.997231943,37.567195655],[126.997225885,37.568096977],[126.997219826,37.568998298],[126.997213767,37.56989962],[126.997207708,37.570800941],[126.997201649,37.571702262],[126.997195589,37.572603583],[126.99718953,37.573504903],[126.997183469,37.574406224],[126.997177409,37.575307544],[126.997171348,37.576208864],[126.997165287,37.577110185]],[[126.998497176,37.54737136],[126.998491138,37.548272685],[126.998485099,37.549174009],[126.998479059,37.550075334],[126.99847302,37.550976658],[126.99846698,37.551877982],[126.99846094,37.552779306],[126.9984549,37.55368063],[126.998448859,37.554581954],[126.998442819,37.555483278],[126.998436777,37.556384601],[126.998430736,37.557285925],[126.998424695,37.558187248],[126.998418653,37.559088571],[126.99841261,37.559989894],[126.998406568,37.560891217],[126.998400525,37.561792539],[126.998394482,37.562693862],[126.998388439,37.563595184],[126.998382396,37.564496506],[126.998376352,37.565397828],[126.998370308,37.56629915],[126.998364263,37.567200472],[126.998358219,37.568101794],[126.998352174,37.569003115],[126.998346129,37.569904437],[126.998340084,37.570805758],[126.998334038,37.571707079],[126.998327992,37.5726084],[126.998321946,37.573509721],[126.998315899,37.574411042],[126.998309853,37.575312362],[126.998303806,37.576213683],[126.998297758,37.577115003]],[[126.999629197,37.547376163],[126.999623172,37.548277487],[126.999617147,37.549178812],[126.999611121,37.550080137],[126.999605095,37.550981461],[126.999599069,37.551882786],[126.999593043,37.55278411],[126.999587016,37.553685434],[126.999580989,37.554586758],[126.999574962,37.555488082],[126.999568935,37.556389405],[126.999562907,37.557290729],[126.999556879,37.558192052],[126.999550851,37.559093375],[126.999544822,37.559994698],[126.999538793,37.560896021],[126.999532764,37.561797344],[126.999526735,37.562698667],[126.999520706,37.563599989],[126.999514676,37.564501312],[126.999508646,37.565402634],[126.999502615,37.566303956],[126.999496584,37.567205278],[126.999490553,37.5681066],[126.999484522,37.569007922],[126.999478491,37.569909243],[126.999472459,37.570810565],[126.999466427,37.571711886],[126.999460395,37.572613207],[126.999454362,37.573514528],[126.999448329,37.574415849],[126.999442296,37.57531717],[126.999436263,37.57621849],[126.999430229,37.577119811]],[[127.000761218,37.547380954],[127.000755207,37.548282279],[127.000749195,37.549183604],[127.000743183,37.550084929],[127.000737171,37.550986254],[127.000731159,37.551887578],[127.000725146,37.552788902],[127.000719133,37.553690227],[127.00071312,37.554591551],[127.000707106,37.555492875],[127.000701092,37.556394198],[127.000695078,37.557295522],[127.000689064,37.558196846],[127.000683049,37.559098169],[127.000677034,37.559999492],[127.000671019,37.560900815],[127.000665004,37.561802138],[127.000658988,37.562703461],[127.000652972,37.563604784],[127.000646956,37.564506106],[127.000640939,37.565407429],[127.000634923,37.566308751],[127.000628906,37.567210073],[127.000622888,37.568111395],[127.000616871,37.569012717],[127.000610853,37.569914039],[127.000604835,37.57081536],[127.000598816,37.571716682],[127.000592798,37.572618003],[127.000586779,37.573519324],[127.00058076,37.574420645],[127.00057474,37.575321966],[127.000568721,37.576223287],[127.000562701,37.577124608]],[[127.00189324,37.547385735],[127.001887242,37.54828706],[127.001881244,37.549188385],[127.001875246,37.55008971],[127.001869247,37.550991035],[127.001863248,37.55189236],[127.001857249,37.552793684],[127.00185125,37.553695009],[127.00184525,37.554596333],[127.00183925,37.555497657],[127.00183325,37.556398981],[127.00182725,37.557300305],[127.001821249,37.558201628],[127.001815248,37.559102952],[127.001809247,37.560004275],[127.001803245,37.560905598],[127.001797243,37.561806922],[127.001791241,37.562708245],[127.001785239,37.563609567],[127.001779236,37.56451089],[127.001773234,37.565412213],[127.001767231,37.566313535],[127.001761227,37.567214857],[127.001755223,37.56811618],[127.00174922,37.569017502],[127.001743215,37.569918823],[127.001737211,37.570820145],[127.001731206,37.571721467],[127.001725201,37.572622788],[127.001719196,37.57352411],[127.00171319,37.574425431],[127.001707185,37.575326752],[127.001701179,37.576228073],[127.001695172,37.577129393]],[[127.003025262,37.547390505],[127.003019278,37.54829183],[127.003013293,37.549193156],[127.003007308,37.550094481],[127.003001323,37.550995806],[127.002995338,37.55189713],[127.002989353,37.552798455],[127.002983367,37.55369978],[127.002977381,37.554601104],[127.002971395,37.555502428],[127.002965408,37.556403752],[127.002959421,37.557305076],[127.002953434,37.5582064],[127.002947447,37.559107724],[127.002941459,37.560009047],[127.002935471,37.560910371],[127.002929483,37.561811694],[127.002923495,37.562713017],[127.002917506,37.56361434],[127.002911517,37.564515663],[127.002905528,37.565416986],[127.002899539,37.566318308],[127.002893549,37.567219631],[127.002887559,37.568120953],[127.002881569,37.569022275],[127.002875578,37.569923597],[127.002869587,37.570824919],[127.002863596,37.571726241],[127.002857605,37.572627562],[127.002851613,37.573528884],[127.002845621,37.574430205],[127.002839629,37.575331526],[127.002833637,37.576232848],[127.002827644,37.577134168]],[[127.004157284,37.547395264],[127.004151313,37.54829659],[127.004145342,37.549197915],[127.004139371,37.55009924],[127.0041334,37.551000565],[127.004127428,37.55190189],[127.004121457,37.552803215],[127.004115484,37.55370454],[127.004109512,37.554605864],[127.004103539,37.555507189],[127.004097567,37.556408513],[127.004091593,37.557309837],[127.00408562,37.558211161],[127.004079646,37.559112485],[127.004073672,37.560013809],[127.004067698,37.560915132],[127.004061724,37.561816456],[127.004055749,37.562717779],[127.004049774,37.563619102],[127.004043798,37.564520425],[127.004037823,37.565421748],[127.004031847,37.566323071],[127.004025871,37.567224393],[127.004019895,37.568125716],[127.004013918,37.569027038],[127.004007941,37.56992836],[127.004001964,37.570829682],[127.003995986,37.571731004],[127.003990009,37.572632326],[127.003984031,37.573533648],[127.003978052,37.574434969],[127.003972074,37.57533629],[127.003966095,37.576237612],[127.003960116,37.577138933]],[[127.005289306,37.547400012],[127.005283349,37.548301338],[127.005277392,37.549202664],[127.005271435,37.550103989],[127.005265477,37.551005314],[127.005259519,37.551906639],[127.005253561,37.552807964],[127.005247602,37.553709289],[127.005241643,37.554610614],[127.005235684,37.555511938],[127.005229725,37.556413263],[127.005223766,37.557314587],[127.005217806,37.558215911],[127.005211846,37.559117235],[127.005205885,37.560018559],[127.005199925,37.560919883],[127.005193964,37.561821206],[127.005188003,37.56272253],[127.005182041,37.563623853],[127.00517608,37.564525176],[127.005170118,37.565426499],[127.005164156,37.566327822],[127.005158193,37.567229145],[127.00515223,37.568130467],[127.005146267,37.56903179],[127.005140304,37.569933112],[127.005134341,37.570834434],[127.005128377,37.571735757],[127.005122413,37.572637078],[127.005116449,37.5735384],[127.005110484,37.574439722],[127.005104519,37.575341043],[127.005098554,37.576242365],[127.005092589,37.577143686]],[[127.006421329,37.54740475],[127.006415385,37.548306076],[127.006409442,37.549207401],[127.006403498,37.550108727],[127.006397554,37.551010052],[127.00639161,37.551911377],[127.006385665,37.552812703],[127.00637972,37.553714028],[127.006373775,37.554615352],[127.00636783,37.555516677],[127.006361884,37.556418002],[127.006355938,37.557319326],[127.006349992,37.55822065],[127.006344046,37.559121975],[127.006338099,37.560023299],[127.006332152,37.560924622],[127.006326205,37.561825946],[127.006320257,37.56272727],[127.006314309,37.563628593],[127.006308361,37.564529916],[127.006302413,37.56543124],[127.006296465,37.566332563],[127.006290516,37.567233886],[127.006284567,37.568135208],[127.006278617,37.569036531],[127.006272668,37.569937853],[127.006266718,37.570839176],[127.006260768,37.571740498],[127.006254817,37.57264182],[127.006248867,37.573543142],[127.006242916,37.574444464],[127.006236964,37.575345785],[127.006231013,37.576247107],[127.006225061,37.577148428]],[[127.007553351,37.547409476],[127.007547422,37.548310802],[127.007541492,37.549212128],[127.007535562,37.550113454],[127.007529631,37.551014779],[127.007523701,37.551916105],[127.00751777,37.55281743],[127.007511838,37.553718755],[127.007505907,37.55462008],[127.007499975,37.555521405],[127.007494043,37.55642273],[127.007488111,37.557324054],[127.007482178,37.558225379],[127.007476246,37.559126703],[127.007470313,37.560028027],[127.007464379,37.560929351],[127.007458446,37.561830675],[127.007452512,37.562731999],[127.007446578,37.563633322],[127.007440643,37.564534646],[127.007434709,37.565435969],[127.007428774,37.566337292],[127.007422839,37.567238616],[127.007416903,37.568139938],[127.007410967,37.569041261],[127.007405031,37.569942584],[127.007399095,37.570843906],[127.007393159,37.571745229],[127.007387222,37.572646551],[127.007381285,37.573547873],[127.007375348,37.574449195],[127.00736941,37.575350517],[127.007363472,37.576251838],[127.007357534,37.57715316]],[[127.008685374,37.547414192],[127.008679458,37.548315518],[127.008673542,37.549216844],[127.008667626,37.55011817],[127.008661709,37.551019496],[127.008655792,37.551920821],[127.008649875,37.552822147],[127.008643957,37.553723472],[127.008638039,37.554624797],[127.008632121,37.555526122],[127.008626203,37.556427447],[127.008620284,37.557328772],[127.008614365,37.558230096],[127.008608446,37.559131421],[127.008602527,37.560032745],[127.008596607,37.560934069],[127.008590687,37.561835393],[127.008584767,37.562736717],[127.008578846,37.563638041],[127.008572925,37.564539365],[127.008567004,37.565440688],[127.008561083,37.566342011],[127.008555162,37.567243335],[127.00854924,37.568144658],[127.008543318,37.569045981],[127.008537395,37.569947303],[127.008531473,37.570848626],[127.00852555,37.571749949],[127.008519627,37.572651271],[127.008513704,37.573552593],[127.00850778,37.574453915],[127.008501856,37.575355237],[127.008495932,37.576256559],[127.008490007,37.577157881]],[[127.009817398,37.547418897],[127.009811495,37.548320223],[127.009805593,37.549221549],[127.00979969,37.550122875],[127.009793787,37.551024201],[127.009787883,37.551925527],[127.00978198,37.552826852],[127.009776076,37.553728178],[127.009770172,37.554629503],[127.009764267,37.555530828],[127.009758362,37.556432153],[127.009752457,37.557333478],[127.009746552,37.558234803],[127.009740647,37.559136128],[127.009734741,37.560037452],[127.009728835,37.560938776],[127.009722928,37.561840101],[127.009717022,37.562741425],[127.009711115,37.563642748],[127.009705208,37.564544072],[127.009699301,37.565445396],[127.009693393,37.566346719],[127.009687485,37.567248043],[127.009681577,37.568149366],[127.009675668,37.569050689],[127.00966976,37.569952012],[127.009663851,37.570853335],[127.009657942,37.571754657],[127.009652032,37.57265598],[127.009646122,37.573557302],[127.009640212,37.574458625],[127.009634302,37.575359947],[127.009628392,37.576261269],[127.009622481,37.577162591]],[[127.010949421,37.547423591],[127.010943533,37.548324917],[127.010937644,37.549226243],[127.010931754,37.55012757],[127.010925865,37.551028896],[127.010919975,37.551930222],[127.010914085,37.552831547],[127.010908195,37.553732873],[127.010902304,37.554634198],[127.010896413,37.555535524],[127.010890522,37.556436849],[127.010884631,37.557338174],[127.010878739,37.558239499],[127.010872847,37.559140823],[127.010866955,37.560042148],[127.010861063,37.560943473],[127.01085517,37.561844797],[127.010849277,37.562746121],[127.010843384,37.563647445],[127.010837491,37.564548769],[127.010831597,37.565450093],[127.010825703,37.566351417],[127.010819809,37.56725274],[127.010813914,37.568154063],[127.010808019,37.569055387],[127.010802124,37.56995671],[127.010796229,37.570858033],[127.010790333,37.571759356],[127.010784438,37.572660678],[127.010778541,37.573562001],[127.010772645,37.574463323],[127.010766749,37.575364645],[127.010760852,37.576265968],[127.010754955,37.57716729]],[[127.012081445,37.547428274],[127.01207557,37.5483296],[127.012069695,37.549230927],[127.012063819,37.550132253],[127.012057943,37.551033579],[127.012052067,37.551934905],[127.012046191,37.552836231],[127.012040314,37.553737557],[127.012034437,37.554638883],[127.01202856,37.555540208],[127.012022682,37.556441533],[127.012016805,37.557342859],[127.012010927,37.558244184],[127.012005048,37.559145509],[127.01199917,37.560046833],[127.011993291,37.560948158],[127.011987412,37.561849482],[127.011981533,37.562750807],[127.011975653,37.563652131],[127.011969773,37.564553455],[127.011963893,37.565454779],[127.011958013,37.566356103],[127.011952132,37.567257427],[127.011946252,37.56815875],[127.01194037,37.569060073],[127.011934489,37.569961397],[127.011928607,37.57086272],[127.011922725,37.571764043],[127.011916843,37.572665366],[127.011910961,37.573566688],[127.011905078,37.574468011],[127.011899195,37.575369333],[127.011893312,37.576270656],[127.011887428,37.577171978]],[[127.013213469,37.547432946],[127.013207608,37.548334273],[127.013201746,37.549235599],[127.013195884,37.550136926],[127.013190022,37.551038252],[127.013184159,37.551939578],[127.013178297,37.552840904],[127.013172434,37.55374223],[127.01316657,37.554643556],[127.013160707,37.555544882],[127.013154843,37.556446207],[127.013148979,37.557347533],[127.013143114,37.558248858],[127.01313725,37.559150183],[127.013131385,37.560051508],[127.01312552,37.560952833],[127.013119654,37.561854157],[127.013113789,37.562755482],[127.013107923,37.563656806],[127.013102057,37.56455813],[127.01309619,37.565459454],[127.013090324,37.566360778],[127.013084457,37.567262102],[127.013078589,37.568163426],[127.013072722,37.569064749],[127.013066854,37.569966073],[127.013060986,37.570867396],[127.013055118,37.571768719],[127.013049249,37.572670042],[127.013043381,37.573571365],[127.013037511,37.574472688],[127.013031642,37.57537401],[127.013025773,37.576275333],[127.013019903,37.577176655]],[[127.014345494,37.547437608],[127.014339646,37.548338934],[127.014333798,37.549240261],[127.01432795,37.550141588],[127.014322101,37.551042914],[127.014316252,37.551944241],[127.014310403,37.552845567],[127.014304553,37.553746893],[127.014298704,37.554648219],[127.014292854,37.555549545],[127.014287004,37.55645087],[127.014281153,37.557352196],[127.014275302,37.558253521],[127.014269451,37.559154846],[127.0142636,37.560056171],[127.014257749,37.560957496],[127.014251897,37.561858821],[127.014246045,37.562760146],[127.014240193,37.56366147],[127.01423434,37.564562795],[127.014228487,37.565464119],[127.014222634,37.566365443],[127.014216781,37.567266767],[127.014210927,37.568168091],[127.014205074,37.569069414],[127.014199219,37.569970738],[127.014193365,37.570872061],[127.01418751,37.571773385],[127.014181656,37.572674708],[127.0141758,37.573576031],[127.014169945,37.574477354],[127.014164089,37.575378676],[127.014158233,37.576279999],[127.014152377,37.577181321]],[[127.015477519,37.547442258],[127.015471684,37.548343585],[127.01546585,37.549244912],[127.015460015,37.550146239],[127.01545418,37.551047565],[127.015448345,37.551948892],[127.015442509,37.552850218],[127.015436674,37.553751544],[127.015430837,37.554652871],[127.015425001,37.555554196],[127.015419165,37.556455522],[127.015413328,37.557356848],[127.015407491,37.558258173],[127.015401653,37.559159499],[127.015395816,37.560060824],[127.015389978,37.560962149],[127.01538414,37.561863474],[127.015378301,37.562764799],[127.015372463,37.563666123],[127.015366624,37.564567448],[127.015360785,37.565468772],[127.015354945,37.566370097],[127.015349106,37.567271421],[127.015343266,37.568172745],[127.015337426,37.569074069],[127.015331585,37.569975392],[127.015325744,37.570876716],[127.015319903,37.571778039],[127.015314062,37.572679363],[127.015308221,37.573580686],[127.015302379,37.574482009],[127.015296537,37.575383332],[127.015290695,37.576284654],[127.015284852,37.577185977]],[[127.016609543,37.547446898],[127.016603723,37.548348225],[127.016597902,37.549249552],[127.016592081,37.550150879],[127.01658626,37.551052206],[127.016580438,37.551953532],[127.016574616,37.552854859],[127.016568794,37.553756185],[127.016562971,37.554657511],[127.016557149,37.555558838],[127.016551326,37.556460163],[127.016545503,37.557361489],[127.016539679,37.558262815],[127.016533856,37.55916414],[127.016528032,37.560065466],[127.016522207,37.560966791],[127.016516383,37.561868116],[127.016510558,37.562769441],[127.016504733,37.563670766],[127.016498908,37.564572091],[127.016493082,37.565473415],[127.016487257,37.56637474],[127.016481431,37.567276064],[127.016475604,37.568177388],[127.016469778,37.569078712],[127.016463951,37.569980036],[127.016458124,37.570881359],[127.016452296,37.571782683],[127.016446469,37.572684006],[127.016440641,37.57358533],[127.016434813,37.574486653],[127.016428985,37.575387976],[127.016423156,37.576289299],[127.016417327,37.577190622]],[[127.017741569,37.547451527],[127.017735762,37.548352854],[127.017729954,37.549254181],[127.017724147,37.550155508],[127.017718339,37.551056835],[127.017712531,37.551958162],[127.017706723,37.552859489],[127.017700914,37.553760815],[127.017695106,37.554662142],[127.017689297,37.555563468],[127.017683487,37.556464794],[127.017677678,37.55736612],[127.017671868,37.558267446],[127.017666058,37.559168771],[127.017660248,37.560070097],[127.017654437,37.560971422],[127.017648626,37.561872747],[127.017642815,37.562774072],[127.017637004,37.563675397],[127.017631192,37.564576722],[127.01762538,37.565478047],[127.017619568,37.566379372],[127.017613756,37.567280696],[127.017607943,37.56818202],[127.01760213,37.569083344],[127.017596317,37.569984668],[127.017590504,37.570885992],[127.01758469,37.571787316],[127.017578876,37.57268864],[127.017573062,37.573589963],[127.017567247,37.574491286],[127.017561433,37.575392609],[127.017555618,37.576293932],[127.017549802,37.577195255]],[[127.018873594,37.547456145],[127.018867801,37.548357472],[127.018862007,37.5492588],[127.018856213,37.550160127],[127.018850419,37.551061454],[127.018844625,37.551962781],[127.01883883,37.552864108],[127.018833035,37.553765434],[127.01882724,37.554666761],[127.018821445,37.555568087],[127.018815649,37.556469413],[127.018809853,37.557370739],[127.018804057,37.558272065],[127.018798261,37.559173391],[127.018792464,37.560074717],[127.018786667,37.560976042],[127.01878087,37.561877368],[127.018775072,37.562778693],[127.018769275,37.563680018],[127.018763477,37.564581343],[127.018757678,37.565482668],[127.01875188,37.566383993],[127.018746081,37.567285317],[127.018740282,37.568186642],[127.018734483,37.569087966],[127.018728683,37.56998929],[127.018722884,37.570890614],[127.018717084,37.571791938],[127.018711283,37.572693262],[127.018705483,37.573594585],[127.018699682,37.574495909],[127.018693881,37.575397232],[127.018688079,37.576298555],[127.018682278,37.577199878]],[[127.02000562,37.547460752],[127.01999984,37.54836208],[127.01999406,37.549263407],[127.01998828,37.550164734],[127.019982499,37.551066062],[127.019976719,37.551967389],[127.019970938,37.552868716],[127.019965156,37.553770042],[127.019959375,37.554671369],[127.019953593,37.555572696],[127.019947811,37.556474022],[127.019942029,37.557375348],[127.019936246,37.558276674],[127.019930464,37.559178],[127.019924681,37.560079326],[127.019918897,37.560980652],[127.019913114,37.561881977],[127.01990733,37.562783303],[127.019901546,37.563684628],[127.019895761,37.564585953],[127.019889977,37.565487278],[127.019884192,37.566388603],[127.019878407,37.567289928],[127.019872621,37.568191252],[127.019866836,37.569092577],[127.01986105,37.569993901],[127.019855264,37.570895225],[127.019849477,37.571796549],[127.019843691,37.572697873],[127.019837904,37.573599197],[127.019832117,37.57450052],[127.019826329,37.575401844],[127.019820542,37.576303167],[127.019814754,37.57720449]],[[127.021137646,37.547465348],[127.02113188,37.548366676],[127.021126113,37.549268004],[127.021120347,37.550169331],[127.02111458,37.551070659],[127.021108813,37.551971986],[127.021103045,37.552873313],[127.021097278,37.55377464],[127.02109151,37.554675967],[127.021085742,37.555577293],[127.021079973,37.55647862],[127.021074205,37.557379946],[127.021068436,37.558281272],[127.021062667,37.559182599],[127.021056897,37.560083925],[127.021051128,37.56098525],[127.021045358,37.561886576],[127.021039588,37.562787902],[127.021033817,37.563689227],[127.021028046,37.564590552],[127.021022275,37.565491877],[127.021016504,37.566393202],[127.021010733,37.567294527],[127.021004961,37.568195852],[127.020999189,37.569097177],[127.020993417,37.569998501],[127.020987644,37.570899825],[127.020981872,37.57180115],[127.020976099,37.572702474],[127.020970325,37.573603797],[127.020964552,37.574505121],[127.020958778,37.575406445],[127.020953004,37.576307768],[127.02094723,37.577209092]],[[127.022269672,37.547469934],[127.022263919,37.548371262],[127.022258167,37.549272589],[127.022252414,37.550173917],[127.022246661,37.551075245],[127.022240907,37.551976572],[127.022235153,37.552877899],[127.022229399,37.553779226],[127.022223645,37.554680553],[127.022217891,37.55558188],[127.022212136,37.556483207],[127.022206381,37.557384533],[127.022200626,37.55828586],[127.02219487,37.559187186],[127.022189114,37.560088512],[127.022183358,37.560989838],[127.022177602,37.561891164],[127.022171846,37.56279249],[127.022166089,37.563693815],[127.022160332,37.564595141],[127.022154574,37.565496466],[127.022148817,37.566397791],[127.022143059,37.567299116],[127.022137301,37.568200441],[127.022131543,37.569101766],[127.022125784,37.57000309],[127.022120025,37.570904415],[127.022114266,37.571805739],[127.022108507,37.572707063],[127.022102747,37.573608387],[127.022096987,37.574509711],[127.022091227,37.575411035],[127.022085467,37.576312359],[127.022079706,37.577213682]],[[127.023401698,37.547474508],[127.02339596,37.548375836],[127.023390221,37.549277164],[127.023384481,37.550178492],[127.023378742,37.55107982],[127.023373002,37.551981147],[127.023367262,37.552882475],[127.023361521,37.553783802],[127.023355781,37.554685129],[127.02335004,37.555586456],[127.023344299,37.556487783],[127.023338557,37.55738911],[127.023332816,37.558290436],[127.023327074,37.559191762],[127.023321332,37.560093089],[127.023315589,37.560994415],[127.023309847,37.561895741],[127.023304104,37.562797067],[127.023298361,37.563698392],[127.023292617,37.564599718],[127.023286874,37.565501043],[127.02328113,37.566402369],[127.023275385,37.567303694],[127.023269641,37.568205019],[127.023263896,37.569106344],[127.023258151,37.570007669],[127.023252406,37.570908993],[127.023246661,37.571810318],[127.023240915,37.572711642],[127.023235169,37.573612966],[127.023229423,37.57451429],[127.023223676,37.575415614],[127.02321793,37.576316938],[127.023212183,37.577218262]],[[127.024533725,37.547479072],[127.024528,37.5483804],[127.024522275,37.549281728],[127.024516549,37.550183056],[127.024510823,37.551084384],[127.024505097,37.551985712],[127.02449937,37.552887039],[127.024493643,37.553788367],[127.024487917,37.554689694],[127.024482189,37.555591021],[127.024476462,37.556492348],[127.024470734,37.557393675],[127.024465006,37.558295002],[127.024459278,37.559196328],[127.024453549,37.560097655],[127.024447821,37.560998981],[127.024442092,37.561900307],[127.024436362,37.562801633],[127.024430633,37.563702959],[127.024424903,37.564604285],[127.024419173,37.56550561],[127.024413443,37.566406936],[127.024407712,37.567308261],[127.024401981,37.568209586],[127.02439625,37.569110911],[127.024390519,37.570012236],[127.024384787,37.570913561],[127.024379056,37.571814885],[127.024373324,37.57271621],[127.024367591,37.573617534],[127.024361859,37.574518858],[127.024356126,37.575420182],[127.024350393,37.576321506],[127.024344659,37.57722283]],[[127.025665752,37.547483625],[127.025660041,37.548384953],[127.025654329,37.549286282],[127.025648617,37.55018761],[127.025642904,37.551088938],[127.025637192,37.551990265],[127.025631479,37.552891593],[127.025625766,37.553792921],[127.025620053,37.554694248],[127.025614339,37.555595575],[127.025608625,37.556496902],[127.025602911,37.557398229],[127.025597197,37.558299556],[127.025591482,37.559200883],[127.025585767,37.56010221],[127.025580052,37.561003536],[127.025574337,37.561904862],[127.025568621,37.562806188],[127.025562905,37.563707514],[127.025557189,37.56460884],[127.025551473,37.565510166],[127.025545756,37.566411492],[127.025540039,37.567312817],[127.025534322,37.568214142],[127.025528605,37.569115468],[127.025522887,37.570016793],[127.025517169,37.570918117],[127.025511451,37.571819442],[127.025505732,37.572720767],[127.025500014,37.573622091],[127.025494295,37.574523416],[127.025488576,37.57542474],[127.025482856,37.576326064],[127.025477136,37.577227388]],[[127.026797779,37.547488167],[127.026792081,37.548389496],[127.026786383,37.549290824],[127.026780685,37.550192152],[127.026774986,37.55109348],[127.026769287,37.551994808],[127.026763588,37.552896136],[127.026757889,37.553797464],[127.026752189,37.554698791],[127.026746489,37.555600119],[127.026740789,37.556501446],[127.026735088,37.557402773],[127.026729388,37.5583041],[127.026723687,37.559205427],[127.026717985,37.560106754],[127.026712284,37.56100808],[127.026706582,37.561909407],[127.02670088,37.562810733],[127.026695178,37.563712059],[127.026689475,37.564613385],[127.026683773,37.565514711],[127.02667807,37.566416037],[127.026672366,37.567317362],[127.026666663,37.568218688],[127.026660959,37.569120013],[127.026655255,37.570021338],[127.026649551,37.570922663],[127.026643846,37.571823988],[127.026638142,37.572725313],[127.026632436,37.573626638],[127.026626731,37.574527962],[127.026621026,37.575429287],[127.02661532,37.576330611],[127.026609614,37.577231935]],[[127.027929807,37.547492698],[127.027924123,37.548394027],[127.027918438,37.549295355],[127.027912753,37.550196684],[127.027907068,37.551098012],[127.027901383,37.55199934],[127.027895697,37.552900668],[127.027890011,37.553801996],[127.027884325,37.554703324],[127.027878639,37.555604651],[127.027872953,37.556505979],[127.027867266,37.557407306],[127.027861579,37.558308633],[127.027855891,37.55920996],[127.027850204,37.560111287],[127.027844516,37.561012614],[127.027838828,37.56191394],[127.027833139,37.562815267],[127.027827451,37.563716593],[127.027821762,37.564617919],[127.027816073,37.565519245],[127.027810383,37.566420571],[127.027804694,37.567321897],[127.027799004,37.568223222],[127.027793314,37.569124548],[127.027787624,37.570025873],[127.027781933,37.570927198],[127.027776242,37.571828523],[127.027770551,37.572729848],[127.027764859,37.573631173],[127.027759168,37.574532498],[127.027753476,37.575433822],[127.027747784,37.576335147],[127.027742091,37.577236471]],[[127.029061835,37.547497219],[127.029056164,37.548398547],[127.029050493,37.549299876],[127.029044822,37.550201205],[127.02903915,37.551102533],[127.029033479,37.552003861],[127.029027807,37.552905189],[127.029022135,37.553806517],[127.029016462,37.554707845],[127.02901079,37.555609173],[127.029005117,37.5565105],[127.028999443,37.557411828],[127.02899377,37.558313155],[127.028988096,37.559214482],[127.028982422,37.560115809],[127.028976748,37.561017136],[127.028971074,37.561918463],[127.028965399,37.562819789],[127.028959724,37.563721116],[127.028954049,37.564622442],[127.028948373,37.565523768],[127.028942698,37.566425094],[127.028937022,37.56732642],[127.028931345,37.568227746],[127.028925669,37.569129072],[127.028919992,37.570030397],[127.028914315,37.570931723],[127.028908638,37.571833048],[127.02890296,37.572734373],[127.028897283,37.573635698],[127.028891605,37.574537022],[127.028885926,37.575438347],[127.028880248,37.576339672],[127.028874569,37.577240996]],[[127.030193863,37.547501728],[127.030188206,37.548403057],[127.030182548,37.549304386],[127.030176891,37.550205715],[127.030171233,37.551107043],[127.030165575,37.552008371],[127.030159917,37.5529097],[127.030154258,37.553811028],[127.030148599,37.554712356],[127.03014294,37.555613684],[127.030137281,37.556515011],[127.030131621,37.557416339],[127.030125962,37.558317666],[127.030120301,37.559218994],[127.030114641,37.560120321],[127.030108981,37.561021648],[127.03010332,37.561922975],[127.030097659,37.562824301],[127.030091997,37.563725628],[127.030086336,37.564626954],[127.030080674,37.565528281],[127.030075012,37.566429607],[127.03006935,37.567330933],[127.030063687,37.568232259],[127.030058024,37.569133585],[127.030052361,37.57003491],[127.030046698,37.570936236],[127.030041034,37.571837561],[127.03003537,37.572738886],[127.030029706,37.573640211],[127.030024042,37.574541536],[127.030018377,37.575442861],[127.030012712,37.576344186],[127.030007047,37.57724551]],[[127.031325891,37.547506227],[127.031320247,37.548407556],[127.031314604,37.549308885],[127.03130896,37.550210214],[127.031303316,37.551111542],[127.031297671,37.552012871],[127.031292027,37.552914199],[127.031286382,37.553815528],[127.031280737,37.554716856],[127.031275091,37.555618184],[127.031269445,37.556519511],[127.0312638,37.557420839],[127.031258153,37.558322167],[127.031252507,37.559223494],[127.03124686,37.560124822],[127.031241213,37.561026149],[127.031235566,37.561927476],[127.031229919,37.562828803],[127.031224271,37.563730129],[127.031218623,37.564631456],[127.031212975,37.565532782],[127.031207327,37.566434109],[127.031201678,37.567335435],[127.031196029,37.568236761],[127.03119038,37.569138087],[127.03118473,37.570039413],[127.031179081,37.570940738],[127.031173431,37.571842064],[127.03116778,37.572743389],[127.03116213,37.573644714],[127.031156479,37.574546039],[127.031150828,37.575447364],[127.031145177,37.576348689],[127.031139526,37.577250014]],[[127.032457919,37.547510715],[127.03245229,37.548412044],[127.03244666,37.549313373],[127.032441029,37.550214702],[127.032435399,37.551116031],[127.032429768,37.552017359],[127.032424137,37.552918688],[127.032418506,37.553820016],[127.032412874,37.554721345],[127.032407242,37.555622673],[127.03240161,37.556524001],[127.032395978,37.557425329],[127.032390345,37.558326656],[127.032384713,37.559227984],[127.03237908,37.560129311],[127.032373446,37.561030639],[127.032367813,37.561931966],[127.032362179,37.562833293],[127.032356545,37.56373462],[127.032350911,37.564635946],[127.032345276,37.565537273],[127.032339641,37.5664386],[127.032334006,37.567339926],[127.032328371,37.568241252],[127.032322735,37.569142578],[127.0323171,37.570043904],[127.032311464,37.57094523],[127.032305827,37.571846555],[127.032300191,37.572747881],[127.032294554,37.573649206],[127.032288917,37.574550532],[127.03228328,37.575451857],[127.032277642,37.576353182],[127.032272004,37.577254506]],[[127.033589948,37.547515191],[127.033584332,37.548416521],[127.033578716,37.54931785],[127.033573099,37.550219179],[127.033567482,37.551120508],[127.033561865,37.552021837],[127.033556247,37.552923166],[127.03355063,37.553824494],[127.033545012,37.554725823],[127.033539394,37.555627151],[127.033533775,37.556528479],[127.033528157,37.557429807],[127.033522538,37.558331135],[127.033516919,37.559232463],[127.033511299,37.56013379],[127.03350568,37.561035118],[127.03350006,37.561936445],[127.03349444,37.562837772],[127.033488819,37.563739099],[127.033483199,37.564640426],[127.033477578,37.565541753],[127.033471956,37.56644308],[127.033466335,37.567344406],[127.033460713,37.568245732],[127.033455092,37.569147059],[127.033449469,37.570048385],[127.033443847,37.570949711],[127.033438224,37.571851036],[127.033432601,37.572752362],[127.033426978,37.573653687],[127.033421355,37.574555013],[127.033415731,37.575456338],[127.033410107,37.576357663],[127.033404483,37.577258988]],[[127.034721977,37.547519658],[127.034716375,37.548420987],[127.034710772,37.549322316],[127.034705169,37.550223646],[127.034699565,37.551124975],[127.034693962,37.552026304],[127.034688358,37.552927633],[127.034682754,37.553828961],[127.03467715,37.55473029],[127.034671545,37.555631618],[127.034665941,37.556532947],[127.034660336,37.557434275],[127.03465473,37.558335603],[127.034649125,37.559236931],[127.034643519,37.560138258],[127.034637913,37.561039586],[127.034632307,37.561940913],[127.0346267,37.562842241],[127.034621094,37.563743568],[127.034615487,37.564644895],[127.034609879,37.565546222],[127.034604272,37.566447549],[127.034598664,37.567348875],[127.034593056,37.568250202],[127.034587448,37.569151528],[127.034581839,37.570052854],[127.034576231,37.57095418],[127.034570622,37.571855506],[127.034565012,37.572756832],[127.034559403,37.573658158],[127.034553793,37.574559483],[127.034548183,37.575460809],[127.034542573,37.576362134],[127.034536962,37.577263459]],[[127.035854006,37.547524113],[127.035848417,37.548425442],[127.035842828,37.549326772],[127.035837239,37.550228101],[127.035831649,37.551129431],[127.035826059,37.55203076],[127.035820469,37.552932089],[127.035814879,37.553833418],[127.035809288,37.554734746],[127.035803697,37.555636075],[127.035798106,37.556537403],[127.035792515,37.557438732],[127.035786923,37.55834006],[127.035781331,37.559241388],[127.035775739,37.560142716],[127.035770147,37.561044043],[127.035764554,37.561945371],[127.035758961,37.562846698],[127.035753368,37.563748026],[127.035747775,37.564649353],[127.035742181,37.56555068],[127.035736587,37.566452007],[127.035730993,37.567353334],[127.035725399,37.56825466],[127.035719804,37.569155987],[127.035714209,37.570057313],[127.035708614,37.570958639],[127.035703019,37.571859965],[127.035697423,37.572761291],[127.035691828,37.573662617],[127.035686231,37.574563943],[127.035680635,37.575465268],[127.035675038,37.576366594],[127.035669442,37.577267919]],[[127.036986036,37.547528557],[127.036980461,37.548429887],[127.036974885,37.549331217],[127.036969309,37.550232546],[127.036963733,37.551133876],[127.036958157,37.552035205],[127.036952581,37.552936534],[127.036947004,37.553837863],[127.036941427,37.554739192],[127.03693585,37.555640521],[127.036930272,37.556541849],[127.036924694,37.557443178],[127.036919116,37.558344506],[127.036913538,37.559245834],[127.03690796,37.560147162],[127.036902381,37.56104849],[127.036896802,37.561949818],[127.036891223,37.562851145],[127.036885643,37.563752473],[127.036880063,37.5646538],[127.036874484,37.565555127],[127.036868903,37.566456454],[127.036863323,37.567357781],[127.036857742,37.568259108],[127.036852161,37.569160435],[127.03684658,37.570061761],[127.036840998,37.570963087],[127.036835417,37.571864414],[127.036829835,37.57276574],[127.036824253,37.573667066],[127.03681867,37.574568392],[127.036813087,37.575469717],[127.036807504,37.576371043],[127.036801921,37.577272368]],[[127.038118066,37.547532991],[127.038112504,37.548434321],[127.038106942,37.54933565],[127.03810138,37.55023698],[127.038095818,37.55113831],[127.038090255,37.552039639],[127.038084692,37.552940968],[127.038079129,37.553842298],[127.038073566,37.554743627],[127.038068002,37.555644955],[127.038062438,37.556546284],[127.038056874,37.557447613],[127.03805131,37.558348941],[127.038045745,37.559250269],[127.03804018,37.560151598],[127.038034615,37.561052926],[127.03802905,37.561954254],[127.038023484,37.562855581],[127.038017918,37.563756909],[127.038012352,37.564658236],[127.038006786,37.565559564],[127.038001219,37.566460891],[127.037995653,37.567362218],[127.037990085,37.568263545],[127.037984518,37.569164872],[127.037978951,37.570066198],[127.037973383,37.570967525],[127.037967815,37.571868851],[127.037962246,37.572770177],[127.037956678,37.573671503],[127.037951109,37.574572829],[127.03794554,37.575474155],[127.037939971,37.576375481],[127.037934401,37.577276806]],[[127.039250096,37.547537413],[127.039244548,37.548438743],[127.039238999,37.549340073],[127.039233451,37.550241403],[127.039227902,37.551142733],[127.039222353,37.552044063],[127.039216804,37.552945392],[127.039211254,37.553846721],[127.039205705,37.55474805],[127.039200155,37.555649379],[127.039194604,37.556550708],[127.039189054,37.557452037],[127.039183503,37.558353366],[127.039177952,37.559254694],[127.039172401,37.560156022],[127.03916685,37.56105735],[127.039161298,37.561958678],[127.039155746,37.562860006],[127.039150194,37.563761334],[127.039144641,37.564662662],[127.039139089,37.565563989],[127.039133536,37.566465317],[127.039127983,37.567366644],[127.039122429,37.568267971],[127.039116875,37.569169298],[127.039111321,37.570070624],[127.039105767,37.570971951],[127.039100213,37.571873278],[127.039094658,37.572774604],[127.039089103,37.57367593],[127.039083548,37.574577256],[127.039077993,37.575478582],[127.039072437,37.576379908],[127.039066881,37.577281234]],[[127.040382126,37.547541825],[127.040376591,37.548443155],[127.040371057,37.549344486],[127.040365522,37.550245816],[127.040359987,37.551147145],[127.040354451,37.552048475],[127.040348916,37.552949805],[127.04034338,37.553851134],[127.040337844,37.554752463],[127.040332308,37.555653792],[127.040326771,37.556555121],[127.040321234,37.55745645],[127.040315697,37.558357779],[127.04031016,37.559259108],[127.040304622,37.560160436],[127.040299084,37.561061764],[127.040293546,37.561963093],[127.040288008,37.562864421],[127.040282469,37.563765749],[127.040276931,37.564667076],[127.040271392,37.565568404],[127.040265852,37.566469731],[127.040260313,37.567371059],[127.040254773,37.568272386],[127.040249233,37.569173713],[127.040243693,37.57007504],[127.040238152,37.570976367],[127.040232611,37.571877693],[127.04022707,37.57277902],[127.040221529,37.573680346],[127.040215988,37.574581672],[127.040210446,37.575482999],[127.040204904,37.576384324],[127.040199362,37.57728565]],[[127.041514156,37.547546226],[127.041508636,37.548447557],[127.041503115,37.549348887],[127.041497593,37.550250217],[127.041492072,37.551151547],[127.04148655,37.552052877],[127.041481028,37.552954206],[127.041475506,37.553855536],[127.041469983,37.554756865],[127.041464461,37.555658195],[127.041458938,37.556559524],[127.041453415,37.557460853],[127.041447891,37.558362182],[127.041442368,37.55926351],[127.041436844,37.560164839],[127.041431319,37.561066168],[127.041425795,37.561967496],[127.04142027,37.562868824],[127.041414745,37.563770152],[127.04140922,37.56467148],[127.041403695,37.565572808],[127.041398169,37.566474135],[127.041392643,37.567375463],[127.041387117,37.56827679],[127.041381591,37.569178117],[127.041376064,37.570079444],[127.041370537,37.570980771],[127.04136501,37.571882098],[127.041359483,37.572783425],[127.041353955,37.573684751],[127.041348427,37.574586078],[127.041342899,37.575487404],[127.041337371,37.57638873],[127.041331842,37.577290056]],[[127.042646187,37.547550616],[127.04264068,37.548451947],[127.042635173,37.549353277],[127.042629665,37.550254607],[127.042624157,37.551155938],[127.042618649,37.552057268],[127.042613141,37.552958597],[127.042607632,37.553859927],[127.042602123,37.554761257],[127.042596614,37.555662586],[127.042591105,37.556563915],[127.042585595,37.557465245],[127.042580086,37.558366574],[127.042574575,37.559267902],[127.042569065,37.560169231],[127.042563555,37.56107056],[127.042558044,37.561971888],[127.042552533,37.562873217],[127.042547022,37.563774545],[127.04254151,37.564675873],[127.042535998,37.565577201],[127.042530486,37.566478528],[127.042524974,37.567379856],[127.042519461,37.568281184],[127.042513949,37.569182511],[127.042508436,37.570083838],[127.042502923,37.570985165],[127.042497409,37.571886492],[127.042491895,37.572787819],[127.042486381,37.573689146],[127.042480867,37.574590472],[127.042475353,37.575491798],[127.042469838,37.576393125],[127.042464323,37.577294451]],[[127.043778218,37.547554996],[127.043772724,37.548456326],[127.043767231,37.549357657],[127.043761737,37.550258987],[127.043756243,37.551160317],[127.043750748,37.552061648],[127.043745253,37.552962978],[127.043739759,37.553864307],[127.043734263,37.554765637],[127.043728768,37.555666967],[127.043723272,37.556568296],[127.043717776,37.557469625],[127.04371228,37.558370955],[127.043706784,37.559272284],[127.043701287,37.560173612],[127.04369579,37.561074941],[127.043690293,37.56197627],[127.043684796,37.562877598],[127.043679298,37.563778927],[127.0436738,37.564680255],[127.043668302,37.565581583],[127.043662804,37.566482911],[127.043657305,37.567384238],[127.043651806,37.568285566],[127.043646307,37.569186894],[127.043640808,37.570088221],[127.043635308,37.570989548],[127.043629808,37.571890875],[127.043624308,37.572792202],[127.043618808,37.573693529],[127.043613307,37.574594856],[127.043607806,37.575496182],[127.043602305,37.576397508],[127.043596804,37.577298835]],[[127.044910249,37.547559364],[127.044904769,37.548460695],[127.044899289,37.549362025],[127.044893809,37.550263356],[127.044888328,37.551164686],[127.044882848,37.552066017],[127.044877366,37.552967347],[127.044871885,37.553868677],[127.044866404,37.554770007],[127.044860922,37.555671336],[127.04485544,37.556572666],[127.044849957,37.557473995],[127.044844475,37.558375325],[127.044838992,37.559276654],[127.044833509,37.560177983],[127.044828026,37.561079312],[127.044822542,37.56198064],[127.044817059,37.562881969],[127.044811575,37.563783298],[127.04480609,37.564684626],[127.044800606,37.565585954],[127.044795121,37.566487282],[127.044789636,37.56738861],[127.044784151,37.568289938],[127.044778666,37.569191265],[127.04477318,37.570092593],[127.044767694,37.57099392],[127.044762208,37.571895247],[127.044756721,37.572796575],[127.044751235,37.573697901],[127.044745748,37.574599228],[127.04474026,37.575500555],[127.044734773,37.576401881],[127.044729285,37.577303208]],[[127.046042281,37.547563722],[127.046036814,37.548465053],[127.046031348,37.549366383],[127.046025881,37.550267714],[127.046020414,37.551169045],[127.046014947,37.552070375],[127.04600948,37.552971705],[127.046004012,37.553873035],[127.045998544,37.554774365],[127.045993076,37.555675695],[127.045987608,37.556577025],[127.045982139,37.557478354],[127.04597667,37.558379684],[127.045971201,37.559281013],[127.045965731,37.560182342],[127.045960262,37.561083671],[127.045954792,37.561985],[127.045949322,37.562886329],[127.045943852,37.563787658],[127.045938381,37.564688986],[127.04593291,37.565590314],[127.045927439,37.566491643],[127.045921968,37.567392971],[127.045916496,37.568294299],[127.045911024,37.569195626],[127.045905552,37.570096954],[127.04590008,37.570998281],[127.045894607,37.571899609],[127.045889135,37.572800936],[127.045883662,37.573702263],[127.045878188,37.57460359],[127.045872715,37.575504917],[127.045867241,37.576406244],[127.045861767,37.57730757]],[[127.047174312,37.547568068],[127.04716886,37.548469399],[127.047163407,37.54937073],[127.047157954,37.550272061],[127.047152501,37.551173392],[127.047147047,37.552074722],[127.047141593,37.552976053],[127.047136139,37.553877383],[127.047130685,37.554778713],[127.04712523,37.555680043],[127.047119776,37.556581373],[127.047114321,37.557482703],[127.047108865,37.558384032],[127.04710341,37.559285362],[127.047097954,37.560186691],[127.047092498,37.56108802],[127.047087042,37.561989349],[127.047081585,37.562890678],[127.047076129,37.563792007],[127.047070672,37.564693335],[127.047065215,37.565594664],[127.047059757,37.566495992],[127.047054299,37.56739732],[127.047048841,37.568298649],[127.047043383,37.569199976],[127.047037925,37.570101304],[127.047032466,37.571002632],[127.047027007,37.571903959],[127.047021548,37.572805287],[127.047016089,37.573706614],[127.047010629,37.574607941],[127.047005169,37.575509268],[127.046999709,37.576410595],[127.046994249,37.577311921]],[[127.048306344,37.547572404],[127.048300905,37.548473735],[127.048295466,37.549375066],[127.048290027,37.550276397],[127.048284587,37.551177728],[127.048279147,37.552079059],[127.048273707,37.552980389],[127.048268267,37.55388172],[127.048262826,37.55478305],[127.048257385,37.55568438],[127.048251944,37.55658571],[127.048246502,37.55748704],[127.048241061,37.55838837],[127.048235619,37.559289699],[127.048230177,37.560191029],[127.048224735,37.561092358],[127.048219292,37.561993687],[127.048213849,37.562895016],[127.048208406,37.563796345],[127.048202963,37.564697674],[127.048197519,37.565599003],[127.048192075,37.566500331],[127.048186631,37.567401659],[127.048181187,37.568302988],[127.048175743,37.569204316],[127.048170298,37.570105644],[127.048164853,37.571006971],[127.048159407,37.571908299],[127.048153962,37.572809626],[127.048148516,37.573710954],[127.04814307,37.574612281],[127.048137624,37.575513608],[127.048132178,37.576414935],[127.048126731,37.577316262]],[[127.049438377,37.547576729],[127.049432951,37.548478061],[127.049427526,37.549379392],[127.0494221,37.550280723],[127.049416674,37.551182054],[127.049411247,37.552083385],[127.049405821,37.552984715],[127.049400394,37.553886046],[127.049394967,37.554787376],[127.04938954,37.555688707],[127.049384112,37.556590037],[127.049378685,37.557491367],[127.049373257,37.558392697],[127.049367828,37.559294026],[127.0493624,37.560195356],[127.049356971,37.561096685],[127.049351542,37.561998015],[127.049346113,37.562899344],[127.049340684,37.563800673],[127.049335254,37.564702002],[127.049329824,37.56560333],[127.049324394,37.566504659],[127.049318964,37.567405987],[127.049313533,37.568307316],[127.049308102,37.569208644],[127.049302671,37.570109972],[127.049297239,37.5710113],[127.049291808,37.571912628],[127.049286376,37.572813955],[127.049280944,37.573715283],[127.049275512,37.57461661],[127.049270079,37.575517937],[127.049264646,37.576419265],[127.049259213,37.577320592]],[[127.050570409,37.547581043],[127.050564997,37.548482375],[127.050559585,37.549383706],[127.050554173,37.550285037],[127.050548761,37.551186369],[127.050543348,37.5520877],[127.050537935,37.55298903],[127.050532522,37.553890361],[127.050527109,37.554791692],[127.050521695,37.555693022],[127.050516281,37.556594352],[127.050510867,37.557495682],[127.050505453,37.558397012],[127.050500038,37.559298342],[127.050494623,37.560199672],[127.050489208,37.561101002],[127.050483793,37.562002331],[127.050478377,37.56290366],[127.050472962,37.563804989],[127.050467546,37.564706318],[127.050462129,37.565607647],[127.050456713,37.566508976],[127.050451296,37.567410305],[127.050445879,37.568311633],[127.050440462,37.569212962],[127.050435044,37.57011429],[127.050429626,37.571015618],[127.050424209,37.571916946],[127.05041879,37.572818273],[127.050413372,37.573719601],[127.050407953,37.574620929],[127.050402534,37.575522256],[127.050397115,37.576423583],[127.050391696,37.57732491]],[[127.051702442,37.547585347],[127.051697044,37.548486678],[127.051691645,37.54938801],[127.051686247,37.550289341],[127.051680848,37.551190672],[127.051675449,37.552092004],[127.05167005,37.552993334],[127.05166465,37.553894665],[127.05165925,37.554795996],[127.05165385,37.555697327],[127.05164845,37.556598657],[127.05164305,37.557499987],[127.051637649,37.558401317],[127.051632248,37.559302647],[127.051626847,37.560203977],[127.051621445,37.561105307],[127.051616044,37.562006637],[127.051610642,37.562907966],[127.05160524,37.563809295],[127.051599837,37.564710624],[127.051594435,37.565611953],[127.051589032,37.566513282],[127.051583629,37.567414611],[127.051578225,37.56831594],[127.051572822,37.569217268],[127.051567418,37.570118596],[127.051562014,37.571019925],[127.051556609,37.571921253],[127.051551205,37.572822581],[127.0515458,37.573723908],[127.051540395,37.574625236],[127.05153499,37.575526564],[127.051529584,37.576427891],[127.051524178,37.577329218]],[[127.052834475,37.547589639],[127.05282909,37.548490971],[127.052823705,37.549392303],[127.052818321,37.550293634],[127.052812935,37.551194965],[127.05280755,37.552096297],[127.052802164,37.552997628],[127.052796778,37.553898959],[127.052791392,37.55480029],[127.052786006,37.55570162],[127.052780619,37.556602951],[127.052775233,37.557504281],[127.052769846,37.558405611],[127.052764458,37.559306942],[127.052759071,37.560208272],[127.052753683,37.561109601],[127.052748295,37.562010931],[127.052742907,37.562912261],[127.052737518,37.56381359],[127.052732129,37.56471492],[127.05272674,37.565616249],[127.052721351,37.566517578],[127.052715962,37.567418907],[127.052710572,37.568320235],[127.052705182,37.569221564],[127.052699792,37.570122892],[127.052694401,37.571024221],[127.052689011,37.571925549],[127.05268362,37.572826877],[127.052678229,37.573728205],[127.052672837,37.574629533],[127.052667445,37.57553086],[127.052662054,37.576432188],[127.052656661,37.577333515]],[[127.053966508,37.547593921],[127.053961137,37.548495253],[127.053955766,37.549396584],[127.053950395,37.550297916],[127.053945023,37.551199248],[127.053939651,37.552100579],[127.053934279,37.55300191],[127.053928907,37.553903241],[127.053923535,37.554804572],[127.053918162,37.555705903],[127.053912789,37.556607234],[127.053907416,37.557508564],[127.053902042,37.558409895],[127.053896669,37.559311225],[127.053891295,37.560212555],[127.053885921,37.561113885],[127.053880546,37.562015215],[127.053875171,37.562916545],[127.053869797,37.563817874],[127.053864421,37.564719204],[127.053859046,37.565620533],[127.053853671,37.566521862],[127.053848295,37.567423191],[127.053842919,37.56832452],[127.053837542,37.569225849],[127.053832166,37.570127177],[127.053826789,37.571028506],[127.053821412,37.571929834],[127.053816035,37.572831162],[127.053810657,37.573732491],[127.053805279,37.574633818],[127.053799901,37.575535146],[127.053794523,37.576436474],[127.053789145,37.577337801]],[[127.055098541,37.547598191],[127.055093184,37.548499523],[127.055087827,37.549400855],[127.055082469,37.550302187],[127.055077111,37.551203519],[127.055071753,37.55210485],[127.055066394,37.553006182],[127.055061036,37.553907513],[127.055055677,37.554808844],[127.055050318,37.555710175],[127.055044959,37.556611506],[127.055039599,37.557512837],[127.055034239,37.558414167],[127.055028879,37.559315498],[127.055023519,37.560216828],[127.055018158,37.561118158],[127.055012798,37.562019488],[127.055007437,37.562920818],[127.055002075,37.563822148],[127.054996714,37.564723477],[127.054991352,37.565624807],[127.05498599,37.566526136],[127.054980628,37.567427465],[127.054975266,37.568328794],[127.054969903,37.569230123],[127.05496454,37.570131452],[127.054959177,37.57103278],[127.054953814,37.571934109],[127.05494845,37.572835437],[127.054943086,37.573736765],[127.054937722,37.574638093],[127.054932358,37.575539421],[127.054926993,37.576440749],[127.054921628,37.577342077]],[[127.056230575,37.547602451],[127.056225231,37.548503784],[127.056219887,37.549405116],[127.056214543,37.550306448],[127.056209199,37.551207779],[127.056203855,37.552109111],[127.05619851,37.553010442],[127.056193165,37.553911774],[127.05618782,37.554813105],[127.056182474,37.555714436],[127.056177129,37.556615767],[127.056171783,37.557517098],[127.056166436,37.558418429],[127.05616109,37.559319759],[127.056155743,37.56022109],[127.056150397,37.56112242],[127.056145049,37.56202375],[127.056139702,37.56292508],[127.056134355,37.56382641],[127.056129007,37.56472774],[127.056123659,37.565629069],[127.05611831,37.566530399],[127.056112962,37.567431728],[127.056107613,37.568333057],[127.056102264,37.569234386],[127.056096915,37.570135715],[127.056091565,37.571037044],[127.056086215,37.571938372],[127.056080865,37.572839701],[127.056075515,37.573741029],[127.056070165,37.574642357],[127.056064814,37.575543685],[127.056059463,37.576445013],[127.056054112,37.577346341]],[[127.057362609,37.5476067],[127.057357279,37.548508033],[127.057351949,37.549409365],[127.057346618,37.550310697],[127.057341288,37.551212029],[127.057335957,37.552113361],[127.057330626,37.553014692],[127.057325294,37.553916024],[127.057319963,37.554817355],[127.057314631,37.555718687],[127.057309299,37.556620018],[127.057303966,37.557521349],[127.057298634,37.558422679],[127.057293301,37.55932401],[127.057287968,37.560225341],[127.057282635,37.561126671],[127.057277301,37.562028001],[127.057271968,37.562929331],[127.057266634,37.563830661],[127.0572613,37.564731991],[127.057255965,37.565633321],[127.057250631,37.566534651],[127.057245296,37.56743598],[127.05723996,37.568337309],[127.057234625,37.569238638],[127.057229289,37.570139968],[127.057223954,37.571041296],[127.057218618,37.571942625],[127.057213281,37.572843954],[127.057207945,37.573745282],[127.057202608,37.574646611],[127.057197271,37.575547939],[127.057191934,37.576449267],[127.057186596,37.577350595]],[[127.058494643,37.547610939],[127.058489326,37.548512271],[127.05848401,37.549413603],[127.058478693,37.550314936],[127.058473376,37.551216268],[127.058468059,37.5521176],[127.058462741,37.553018931],[127.058457424,37.553920263],[127.058452106,37.554821595],[127.058446788,37.555722926],[127.058441469,37.556624257],[127.058436151,37.557525588],[127.058430832,37.558426919],[127.058425513,37.55932825],[127.058420193,37.560229581],[127.058414874,37.561130911],[127.058409554,37.562032242],[127.058404234,37.562933572],[127.058398913,37.563834902],[127.058393593,37.564736232],[127.058388272,37.565637562],[127.058382951,37.566538892],[127.05837763,37.567440221],[127.058372308,37.568341551],[127.058366987,37.56924288],[127.058361665,37.570144209],[127.058356342,37.571045538],[127.05835102,37.571946867],[127.058345697,37.572848196],[127.058340374,37.573749524],[127.058335051,37.574650853],[127.058329728,37.575552181],[127.058324404,37.576453509],[127.05831908,37.577354837]],[[126.97246077,37.547257907],[126.973592784,37.54726296],[126.974724799,37.547268001],[126.975856814,37.547273031],[126.97698883,37.547278051],[126.978120845,37.547283059],[126.979252862,37.547288057],[126.980384878,37.547293044],[126.981516894,37.54729802],[126.982648911,37.547302986],[126.983780928,37.54730794],[126.984912946,37.547312884],[126.986044964,37.547317816],[126.987176981,37.547322738],[126.988309,37.547327649],[126.989441018,37.547332549],[126.990573037,37.547337439],[126.991705056,37.547342317],[126.992837075,37.547347185],[126.993969095,37.547352042],[126.995101115,37.547356887],[126.996233135,37.547361723],[126.997365156,37.547366547],[126.998497176,37.54737136],[126.999629197,37.547376163],[127.000761218,37.547380954],[127.00189324,37.547385735],[127.003025262,37.547390505],[127.004157284,37.547395264],[127.005289306,37.547400012],[127.006421329,37.54740475],[127.007553351,37.547409476],[127.008685374,37.547414192],[127.009817398,37.547418897],[127.010949421,37.547423591],[127.012081445,37.547428274],[127.013213469,37.547432946],[127.014345494,37.547437608],[127.015477519,37.547442258],[127.016609543,37.547446898],[127.017741569,37.547451527],[127.018873594,37.547456145],[127.02000562,37.547460752],[127.021137646,37.547465348],[127.022269672,37.547469934],[127.023401698,37.547474508],[127.024533725,37.547479072],[127.025665752,37.547483625],[127.026797779,37.547488167],[127.027929807,37.547492698],[127.029061835,37.547497219],[127.030193863,37.547501728],[127.031325891,37.547506227],[127.032457919,37.547510715],[127.033589948,37.547515191],[127.034721977,37.547519658],[127.035854006,37.547524113],[127.036986036,37.547528557],[127.038118066,37.547532991],[127.039250096,37.547537413],[127.040382126,37.547541825],[127.041514156,37.547546226],[127.042646187,37.547550616],[127.043778218,37.547554996],[127.044910249,37.547559364],[127.046042281,37.547563722],[127.047174312,37.547568068],[127.048306344,37.547572404],[127.049438377,37.547576729],[127.050570409,37.547581043],[127.051702442,37.547585347],[127.052834475,37.547589639],[127.053966508,37.547593921],[127.055098541,37.547598191],[127.056230575,37.547602451],[127.057362609,37.5476067],[127.058494643,37.547610939]],[[126.972454417,37.548159229],[126.973586446,37.548164281],[126.974718474,37.548169322],[126.975850503,37.548174353],[126.976982532,37.548179372],[126.978114562,37.548184381],[126.979246591,37.548189379],[126.980378621,37.548194366],[126.981510651,37.548199343],[126.982642682,37.548204308],[126.983774713,37.548209263],[126.984906744,37.548214206],[126.986038775,37.548219139],[126.987170807,37.548224061],[126.988302838,37.548228973],[126.989434871,37.548233873],[126.990566903,37.548238762],[126.991698936,37.548243641],[126.992830969,37.548248509],[126.993963002,37.548253366],[126.995095035,37.548258212],[126.996227069,37.548263047],[126.997359103,37.548267871],[126.998491138,37.548272685],[126.999623172,37.548277487],[127.000755207,37.548282279],[127.001887242,37.54828706],[127.003019278,37.54829183],[127.004151313,37.54829659],[127.005283349,37.548301338],[127.006415385,37.548306076],[127.007547422,37.548310802],[127.008679458,37.548315518],[127.009811495,37.548320223],[127.010943533,37.548324917],[127.01207557,37.5483296],[127.013207608,37.548334273],[127.014339646,37.548338934],[127.015471684,37.548343585],[127.016603723,37.548348225],[127.017735762,37.548352854],[127.018867801,37.548357472],[127.01999984,37.54836208],[127.02113188,37.548366676],[127.022263919,37.548371262],[127.02339596,37.548375836],[127.024528,37.5483804],[127.025660041,37.548384953],[127.026792081,37.548389496],[127.027924123,37.548394027],[127.029056164,37.548398547],[127.030188206,37.548403057],[127.031320247,37.548407556],[127.03245229,37.548412044],[127.033584332,37.548416521],[127.034716375,37.548420987],[127.035848417,37.548425442],[127.036980461,37.548429887],[127.038112504,37.548434321],[127.039244548,37.548438743],[127.040376591,37.548443155],[127.041508636,37.548447557],[127.04264068,37.548451947],[127.043772724,37.548456326],[127.044904769,37.548460695],[127.046036814,37.548465053],[127.04716886,37.548469399],[127.048300905,37.548473735],[127.049432951,37.548478061],[127.050564997,37.548482375],[127.051697044,37.548486678],[127.05282909,37.548490971],[127.053961137,37.548495253],[127.055093184,37.548499523],[127.056225231,37.548503784],[127.057357279,37.548508033],[127.058489326,37.548512271]],[[126.972448065,37.549060549],[126.973580107,37.549065602],[126.974712149,37.549070643],[126.975844192,37.549075674],[126.976976234,37.549080694],[126.978108277,37.549085703],[126.979240321,37.549090701],[126.980372364,37.549095688],[126.981504408,37.549100665],[126.982636452,37.549105631],[126.983768496,37.549110585],[126.984900541,37.549115529],[126.986032586,37.549120462],[126.987164631,37.549125384],[126.988296677,37.549130296],[126.989428723,37.549135196],[126.990560769,37.549140086],[126.991692815,37.549144965],[126.992824862,37.549149833],[126.993956908,37.54915469],[126.995088956,37.549159536],[126.996221003,37.549164371],[126.997353051,37.549169196],[126.998485099,37.549174009],[126.999617147,37.549178812],[127.000749195,37.549183604],[127.001881244,37.549188385],[127.003013293,37.549193156],[127.004145342,37.549197915],[127.005277392,37.549202664],[127.006409442,37.549207401],[127.007541492,37.549212128],[127.008673542,37.549216844],[127.009805593,37.549221549],[127.010937644,37.549226243],[127.012069695,37.549230927],[127.013201746,37.549235599],[127.014333798,37.549240261],[127.01546585,37.549244912],[127.016597902,37.549249552],[127.017729954,37.549254181],[127.018862007,37.5492588],[127.01999406,37.549263407],[127.021126113,37.549268004],[127.022258167,37.549272589],[127.023390221,37.549277164],[127.024522275,37.549281728],[127.025654329,37.549286282],[127.026786383,37.549290824],[127.027918438,37.549295355],[127.029050493,37.549299876],[127.030182548,37.549304386],[127.031314604,37.549308885],[127.03244666,37.549313373],[127.033578716,37.54931785],[127.034710772,37.549322316],[127.035842828,37.549326772],[127.036974885,37.549331217],[127.038106942,37.54933565],[127.039238999,37.549340073],[127.040371057,37.549344486],[127.041503115,37.549348887],[127.042635173,37.549353277],[127.043767231,37.549357657],[127.044899289,37.549362025],[127.046031348,37.549366383],[127.047163407,37.54937073],[127.048295466,37.549375066],[127.049427526,37.549379392],[127.050559585,37.549383706],[127.051691645,37.54938801],[127.052823705,37.549392303],[127.053955766,37.549396584],[127.055087827,37.549400855],[127.056219887,37.549405116],[127.057351949,37.549409365],[127.05848401,37.549413603]],[[126.972441712,37.54996187],[126.973573768,37.549966923],[126.974705824,37.549971965],[126.97583788,37.549976995],[126.976969936,37.549982015],[126.978101993,37.549987025],[126.97923405,37.549992023],[126.980366107,37.54999701],[126.981498164,37.550001987],[126.982630222,37.550006953],[126.98376228,37.550011908],[126.984894338,37.550016852],[126.986026397,37.550021785],[126.987158456,37.550026707],[126.988290515,37.550031619],[126.989422574,37.550036519],[126.990554634,37.550041409],[126.991686694,37.550046288],[126.992818754,37.550051156],[126.993950815,37.550056013],[126.995082875,37.55006086],[126.996214937,37.550065695],[126.997346998,37.55007052],[126.998479059,37.550075334],[126.999611121,37.550080137],[127.000743183,37.550084929],[127.001875246,37.55008971],[127.003007308,37.550094481],[127.004139371,37.55009924],[127.005271435,37.550103989],[127.006403498,37.550108727],[127.007535562,37.550113454],[127.008667626,37.55011817],[127.00979969,37.550122875],[127.010931754,37.55012757],[127.012063819,37.550132253],[127.013195884,37.550136926],[127.01432795,37.550141588],[127.015460015,37.550146239],[127.016592081,37.550150879],[127.017724147,37.550155508],[127.018856213,37.550160127],[127.01998828,37.550164734],[127.021120347,37.550169331],[127.022252414,37.550173917],[127.023384481,37.550178492],[127.024516549,37.550183056],[127.025648617,37.55018761],[127.026780685,37.550192152],[127.027912753,37.550196684],[127.029044822,37.550201205],[127.030176891,37.550205715],[127.03130896,37.550210214],[127.032441029,37.550214702],[127.033573099,37.550219179],[127.034705169,37.550223646],[127.035837239,37.550228101],[127.036969309,37.550232546],[127.03810138,37.55023698],[127.039233451,37.550241403],[127.040365522,37.550245816],[127.041497593,37.550250217],[127.042629665,37.550254607],[127.043761737,37.550258987],[127.044893809,37.550263356],[127.046025881,37.550267714],[127.047157954,37.550272061],[127.048290027,37.550276397],[127.0494221,37.550280723],[127.050554173,37.550285037],[127.051686247,37.550289341],[127.052818321,37.550293634],[127.053950395,37.550297916],[127.055082469,37.550302187],[127.056214543,37.550306448],[127.057346618,37.550310697],[127.058478693,37.550314936]],[[126.972435359,37.550863191],[126.973567428,37.550868244],[126.974699498,37.550873286],[126.975831568,37.550878317],[126.976963638,37.550883337],[126.978095708,37.550888346],[126.979227778,37.550893345],[126.980359849,37.550898332],[126.98149192,37.550903309],[126.982623992,37.550908275],[126.983756063,37.55091323],[126.984888135,37.550918174],[126.986020208,37.550923108],[126.98715228,37.55092803],[126.988284353,37.550932942],[126.989416426,37.550937843],[126.990548499,37.550942732],[126.991680573,37.550947612],[126.992812647,37.55095248],[126.993944721,37.550957337],[126.995076795,37.550962184],[126.99620887,37.550967019],[126.997340945,37.550971844],[126.99847302,37.550976658],[126.999605095,37.550981461],[127.000737171,37.550986254],[127.001869247,37.550991035],[127.003001323,37.550995806],[127.0041334,37.551000565],[127.005265477,37.551005314],[127.006397554,37.551010052],[127.007529631,37.551014779],[127.008661709,37.551019496],[127.009793787,37.551024201],[127.010925865,37.551028896],[127.012057943,37.551033579],[127.013190022,37.551038252],[127.014322101,37.551042914],[127.01545418,37.551047565],[127.01658626,37.551052206],[127.017718339,37.551056835],[127.018850419,37.551061454],[127.019982499,37.551066062],[127.02111458,37.551070659],[127.022246661,37.551075245],[127.023378742,37.55107982],[127.024510823,37.551084384],[127.025642904,37.551088938],[127.026774986,37.55109348],[127.027907068,37.551098012],[127.02903915,37.551102533],[127.030171233,37.551107043],[127.031303316,37.551111542],[127.032435399,37.551116031],[127.033567482,37.551120508],[127.034699565,37.551124975],[127.035831649,37.551129431],[127.036963733,37.551133876],[127.038095818,37.55113831],[127.039227902,37.551142733],[127.040359987,37.551147145],[127.041492072,37.551151547],[127.042624157,37.551155938],[127.043756243,37.551160317],[127.044888328,37.551164686],[127.046020414,37.551169045],[127.047152501,37.551173392],[127.048284587,37.551177728],[127.049416674,37.551182054],[127.050548761,37.551186369],[127.051680848,37.551190672],[127.052812935,37.551194965],[127.053945023,37.551199248],[127.055077111,37.551203519],[127.056209199,37.551207779],[127.057341288,37.551212029],[127.058473376,37.551216268]],[[126.972429006,37.551764511],[126.973561089,37.551769564],[126.974693172,37.551774606],[126.975825255,37.551779638],[126.976957339,37.551784658],[126.978089423,37.551789667],[126.979221507,37.551794666],[126.980353591,37.551799654],[126.981485676,37.551804631],[126.982617761,37.551809597],[126.983749846,37.551814552],[126.984881932,37.551819496],[126.986014018,37.55182443],[126.987146104,37.551829353],[126.98827819,37.551834264],[126.989410277,37.551839165],[126.990542364,37.551844056],[126.991674451,37.551848935],[126.992806539,37.551853803],[126.993938626,37.551858661],[126.995070714,37.551863507],[126.996202803,37.551868343],[126.997334891,37.551873168],[126.99846698,37.551877982],[126.999599069,37.551882786],[127.000731159,37.551887578],[127.001863248,37.55189236],[127.002995338,37.55189713],[127.004127428,37.55190189],[127.005259519,37.551906639],[127.00639161,37.551911377],[127.007523701,37.551916105],[127.008655792,37.551920821],[127.009787883,37.551925527],[127.010919975,37.551930222],[127.012052067,37.551934905],[127.013184159,37.551939578],[127.014316252,37.551944241],[127.015448345,37.551948892],[127.016580438,37.551953532],[127.017712531,37.551958162],[127.018844625,37.551962781],[127.019976719,37.551967389],[127.021108813,37.551971986],[127.022240907,37.551976572],[127.023373002,37.551981147],[127.024505097,37.551985712],[127.025637192,37.551990265],[127.026769287,37.551994808],[127.027901383,37.55199934],[127.029033479,37.552003861],[127.030165575,37.552008371],[127.031297671,37.552012871],[127.032429768,37.552017359],[127.033561865,37.552021837],[127.034693962,37.552026304],[127.035826059,37.55203076],[127.036958157,37.552035205],[127.038090255,37.552039639],[127.039222353,37.552044063],[127.040354451,37.552048475],[127.04148655,37.552052877],[127.042618649,37.552057268],[127.043750748,37.552061648],[127.044882848,37.552066017],[127.046014947,37.552070375],[127.047147047,37.552074722],[127.048279147,37.552079059],[127.049411247,37.552083385],[127.050543348,37.5520877],[127.051675449,37.552092004],[127.05280755,37.552096297],[127.053939651,37.552100579],[127.055071753,37.55210485],[127.056203855,37.552109111],[127.057335957,37.552113361],[127.058468059,37.5521176]],[[126.972422653,37.552665832],[126.973554749,37.552670885],[126.974686846,37.552675927],[126.975818943,37.552680958],[126.97695104,37.552685979],[126.978083137,37.552690989],[126.979215235,37.552695987],[126.980347333,37.552700975],[126.981479432,37.552705952],[126.98261153,37.552710919],[126.983743629,37.552715874],[126.984875728,37.552720819],[126.986007828,37.552725752],[126.987139928,37.552730675],[126.988272028,37.552735587],[126.989404128,37.552740488],[126.990536229,37.552745378],[126.991668329,37.552750258],[126.992800431,37.552755126],[126.993932532,37.552759984],[126.995064634,37.552764831],[126.996196736,37.552769667],[126.997328838,37.552774492],[126.99846094,37.552779306],[126.999593043,37.55278411],[127.000725146,37.552788902],[127.001857249,37.552793684],[127.002989353,37.552798455],[127.004121457,37.552803215],[127.005253561,37.552807964],[127.006385665,37.552812703],[127.00751777,37.55281743],[127.008649875,37.552822147],[127.00978198,37.552826852],[127.010914085,37.552831547],[127.012046191,37.552836231],[127.013178297,37.552840904],[127.014310403,37.552845567],[127.015442509,37.552850218],[127.016574616,37.552854859],[127.017706723,37.552859489],[127.01883883,37.552864108],[127.019970938,37.552868716],[127.021103045,37.552873313],[127.022235153,37.552877899],[127.023367262,37.552882475],[127.02449937,37.552887039],[127.025631479,37.552891593],[127.026763588,37.552896136],[127.027895697,37.552900668],[127.029027807,37.552905189],[127.030159917,37.5529097],[127.031292027,37.552914199],[127.032424137,37.552918688],[127.033556247,37.552923166],[127.034688358,37.552927633],[127.035820469,37.552932089],[127.036952581,37.552936534],[127.038084692,37.552940968],[127.039216804,37.552945392],[127.040348916,37.552949805],[127.041481028,37.552954206],[127.042613141,37.552958597],[127.043745253,37.552962978],[127.044877366,37.552967347],[127.04600948,37.552971705],[127.047141593,37.552976053],[127.048273707,37.552980389],[127.049405821,37.552984715],[127.050537935,37.55298903],[127.05167005,37.552993334],[127.052802164,37.552997628],[127.053934279,37.55300191],[127.055066394,37.553006182],[127.05619851,37.553010442],[127.057330626,37.553014692],[127.058462741,37.553018931]],[[126.972416299,37.553567152],[126.973548409,37.553572205],[126.974680519,37.553577248],[126.97581263,37.553582279],[126.976944741,37.5535873],[126.978076852,37.55359231],[126.979208963,37.553597309],[126.980341075,37.553602297],[126.981473187,37.553607274],[126.982605299,37.55361224],[126.983737412,37.553617196],[126.984869525,37.553622141],[126.986001638,37.553627074],[126.987133751,37.553631997],[126.988265865,37.55363691],[126.989397979,37.553641811],[126.990530093,37.553646701],[126.991662207,37.553651581],[126.992794322,37.55365645],[126.993926437,37.553661307],[126.995058552,37.553666154],[126.996190668,37.553670991],[126.997322784,37.553675816],[126.9984549,37.55368063],[126.999587016,37.553685434],[127.000719133,37.553690227],[127.00185125,37.553695009],[127.002983367,37.55369978],[127.004115484,37.55370454],[127.005247602,37.553709289],[127.00637972,37.553714028],[127.007511838,37.553718755],[127.008643957,37.553723472],[127.009776076,37.553728178],[127.010908195,37.553732873],[127.012040314,37.553737557],[127.013172434,37.55374223],[127.014304553,37.553746893],[127.015436674,37.553751544],[127.016568794,37.553756185],[127.017700914,37.553760815],[127.018833035,37.553765434],[127.019965156,37.553770042],[127.021097278,37.55377464],[127.022229399,37.553779226],[127.023361521,37.553783802],[127.024493643,37.553788367],[127.025625766,37.553792921],[127.026757889,37.553797464],[127.027890011,37.553801996],[127.029022135,37.553806517],[127.030154258,37.553811028],[127.031286382,37.553815528],[127.032418506,37.553820016],[127.03355063,37.553824494],[127.034682754,37.553828961],[127.035814879,37.553833418],[127.036947004,37.553837863],[127.038079129,37.553842298],[127.039211254,37.553846721],[127.04034338,37.553851134],[127.041475506,37.553855536],[127.042607632,37.553859927],[127.043739759,37.553864307],[127.044871885,37.553868677],[127.046004012,37.553873035],[127.047136139,37.553877383],[127.048268267,37.55388172],[127.049400394,37.553886046],[127.050532522,37.553890361],[127.05166465,37.553894665],[127.052796778,37.553898959],[127.053928907,37.553903241],[127.055061036,37.553907513],[127.056193165,37.553911774],[127.057325294,37.553916024],[127.058457424,37.553920263]],[[126.972409945,37.554468472],[126.973542068,37.554473525],[126.974674192,37.554478568],[126.975806316,37.5544836],[126.976938441,37.554488621],[126.978070566,37.554493631],[126.979202691,37.55449863],[126.980334816,37.554503618],[126.981466942,37.554508595],[126.982599068,37.554513562],[126.983731194,37.554518518],[126.98486332,37.554523462],[126.985995447,37.554528396],[126.987127574,37.55453332],[126.988259701,37.554538232],[126.989391829,37.554543133],[126.990523957,37.554548024],[126.991656085,37.554552904],[126.992788213,37.554557773],[126.993920342,37.554562631],[126.995052471,37.554567478],[126.9961846,37.554572314],[126.99731673,37.554577139],[126.998448859,37.554581954],[126.999580989,37.554586758],[127.00071312,37.554591551],[127.00184525,37.554596333],[127.002977381,37.554601104],[127.004109512,37.554605864],[127.005241643,37.554610614],[127.006373775,37.554615352],[127.007505907,37.55462008],[127.008638039,37.554624797],[127.009770172,37.554629503],[127.010902304,37.554634198],[127.012034437,37.554638883],[127.01316657,37.554643556],[127.014298704,37.554648219],[127.015430837,37.554652871],[127.016562971,37.554657511],[127.017695106,37.554662142],[127.01882724,37.554666761],[127.019959375,37.554671369],[127.02109151,37.554675967],[127.022223645,37.554680553],[127.023355781,37.554685129],[127.024487917,37.554689694],[127.025620053,37.554694248],[127.026752189,37.554698791],[127.027884325,37.554703324],[127.029016462,37.554707845],[127.030148599,37.554712356],[127.031280737,37.554716856],[127.032412874,37.554721345],[127.033545012,37.554725823],[127.03467715,37.55473029],[127.035809288,37.554734746],[127.036941427,37.554739192],[127.038073566,37.554743627],[127.039205705,37.55474805],[127.040337844,37.554752463],[127.041469983,37.554756865],[127.042602123,37.554761257],[127.043734263,37.554765637],[127.044866404,37.554770007],[127.045998544,37.554774365],[127.047130685,37.554778713],[127.048262826,37.55478305],[127.049394967,37.554787376],[127.050527109,37.554791692],[127.05165925,37.554795996],[127.052791392,37.55480029],[127.053923535,37.554804572],[127.055055677,37.554808844],[127.05618782,37.554813105],[127.057319963,37.554817355],[127.058452106,37.554821595]],[[126.97240359,37.555369792],[126.973535727,37.555374846],[126.974667865,37.555379888],[126.975800003,37.55538492],[126.976932141,37.555389941],[126.97806428,37.555394951],[126.979196418,37.555399951],[126.980328557,37.555404939],[126.981460696,37.555409917],[126.982592836,37.555414883],[126.983724976,37.555419839],[126.984857116,37.555424784],[126.985989256,37.555429718],[126.987121397,37.555434642],[126.988253538,37.555439554],[126.989385679,37.555444456],[126.990517821,37.555449346],[126.991649962,37.555454226],[126.992782104,37.555459095],[126.993914247,37.555463954],[126.995046389,37.555468801],[126.996178532,37.555473637],[126.997310675,37.555478463],[126.998442819,37.555483278],[126.999574962,37.555488082],[127.000707106,37.555492875],[127.00183925,37.555497657],[127.002971395,37.555502428],[127.004103539,37.555507189],[127.005235684,37.555511938],[127.00636783,37.555516677],[127.007499975,37.555521405],[127.008632121,37.555526122],[127.009764267,37.555530828],[127.010896413,37.555535524],[127.01202856,37.555540208],[127.013160707,37.555544882],[127.014292854,37.555549545],[127.015425001,37.555554196],[127.016557149,37.555558838],[127.017689297,37.555563468],[127.018821445,37.555568087],[127.019953593,37.555572696],[127.021085742,37.555577293],[127.022217891,37.55558188],[127.02335004,37.555586456],[127.024482189,37.555591021],[127.025614339,37.555595575],[127.026746489,37.555600119],[127.027878639,37.555604651],[127.02901079,37.555609173],[127.03014294,37.555613684],[127.031275091,37.555618184],[127.032407242,37.555622673],[127.033539394,37.555627151],[127.034671545,37.555631618],[127.035803697,37.555636075],[127.03693585,37.555640521],[127.038068002,37.555644955],[127.039200155,37.555649379],[127.040332308,37.555653792],[127.041464461,37.555658195],[127.042596614,37.555662586],[127.043728768,37.555666967],[127.044860922,37.555671336],[127.045993076,37.555675695],[127.04712523,37.555680043],[127.048257385,37.55568438],[127.04938954,37.555688707],[127.050521695,37.555693022],[127.05165385,37.555697327],[127.052786006,37.55570162],[127.053918162,37.555705903],[127.055050318,37.555710175],[127.056182474,37.555714436],[127.057314631,37.555718687],[127.058446788,37.555722926]],[[126.972397235,37.556271112],[126.973529386,37.556276166],[126.974661538,37.556281208],[126.975793689,37.55628624],[126.976925841,37.556291262],[126.978057993,37.556296272],[126.979190145,37.556301271],[126.980322298,37.55630626],[126.981454451,37.556311238],[126.982586604,37.556316205],[126.983718758,37.556321161],[126.984850911,37.556326106],[126.985983065,37.55633104],[126.98711522,37.556335964],[126.988247374,37.556340876],[126.989379529,37.556345778],[126.990511684,37.556350669],[126.991643839,37.556355549],[126.992775995,37.556360418],[126.993908151,37.556365276],[126.995040307,37.556370124],[126.996172464,37.556374961],[126.99730462,37.556379786],[126.998436777,37.556384601],[126.999568935,37.556389405],[127.000701092,37.556394198],[127.00183325,37.556398981],[127.002965408,37.556403752],[127.004097567,37.556408513],[127.005229725,37.556413263],[127.006361884,37.556418002],[127.007494043,37.55642273],[127.008626203,37.556427447],[127.009758362,37.556432153],[127.010890522,37.556436849],[127.012022682,37.556441533],[127.013154843,37.556446207],[127.014287004,37.55645087],[127.015419165,37.556455522],[127.016551326,37.556460163],[127.017683487,37.556464794],[127.018815649,37.556469413],[127.019947811,37.556474022],[127.021079973,37.55647862],[127.022212136,37.556483207],[127.023344299,37.556487783],[127.024476462,37.556492348],[127.025608625,37.556496902],[127.026740789,37.556501446],[127.027872953,37.556505979],[127.029005117,37.5565105],[127.030137281,37.556515011],[127.031269445,37.556519511],[127.03240161,37.556524001],[127.033533775,37.556528479],[127.034665941,37.556532947],[127.035798106,37.556537403],[127.036930272,37.556541849],[127.038062438,37.556546284],[127.039194604,37.556550708],[127.040326771,37.556555121],[127.041458938,37.556559524],[127.042591105,37.556563915],[127.043723272,37.556568296],[127.04485544,37.556572666],[127.045987608,37.556577025],[127.047119776,37.556581373],[127.048251944,37.55658571],[127.049384112,37.556590037],[127.050516281,37.556594352],[127.05164845,37.556598657],[127.052780619,37.556602951],[127.053912789,37.556607234],[127.055044959,37.556611506],[127.056177129,37.556615767],[127.057309299,37.556620018],[127.058441469,37.556624257]],[[126.972390881,37.557172432],[126.973523045,37.557177485],[126.97465521,37.557182528],[126.975787375,37.557187561],[126.976919541,37.557192582],[126.978051706,37.557197592],[126.979183872,37.557202592],[126.980316038,37.557207581],[126.981448205,37.557212559],[126.982580372,37.557217526],[126.983712539,37.557222482],[126.984844706,37.557227427],[126.985976874,37.557232362],[126.987109042,37.557237285],[126.98824121,37.557242198],[126.989373379,37.5572471],[126.990505547,37.557251991],[126.991637716,37.557256871],[126.992769886,37.557261741],[126.993902055,37.557266599],[126.995034225,37.557271447],[126.996166395,37.557276284],[126.997298565,37.557281109],[126.998430736,37.557285925],[126.999562907,37.557290729],[127.000695078,37.557295522],[127.00182725,37.557300305],[127.002959421,37.557305076],[127.004091593,37.557309837],[127.005223766,37.557314587],[127.006355938,37.557319326],[127.007488111,37.557324054],[127.008620284,37.557328772],[127.009752457,37.557333478],[127.010884631,37.557338174],[127.012016805,37.557342859],[127.013148979,37.557347533],[127.014281153,37.557352196],[127.015413328,37.557356848],[127.016545503,37.557361489],[127.017677678,37.55736612],[127.018809853,37.557370739],[127.019942029,37.557375348],[127.021074205,37.557379946],[127.022206381,37.557384533],[127.023338557,37.55738911],[127.024470734,37.557393675],[127.025602911,37.557398229],[127.026735088,37.557402773],[127.027867266,37.557407306],[127.028999443,37.557411828],[127.030131621,37.557416339],[127.0312638,37.557420839],[127.032395978,37.557425329],[127.033528157,37.557429807],[127.034660336,37.557434275],[127.035792515,37.557438732],[127.036924694,37.557443178],[127.038056874,37.557447613],[127.039189054,37.557452037],[127.040321234,37.55745645],[127.041453415,37.557460853],[127.042585595,37.557465245],[127.043717776,37.557469625],[127.044849957,37.557473995],[127.045982139,37.557478354],[127.047114321,37.557482703],[127.048246502,37.55748704],[127.049378685,37.557491367],[127.050510867,37.557495682],[127.05164305,37.557499987],[127.052775233,37.557504281],[127.053907416,37.557508564],[127.055039599,37.557512837],[127.056171783,37.557517098],[127.057303966,37.557521349],[127.058436151,37.557525588]],[[126.972384525,37.558073751],[126.973516703,37.558078805],[126.974648882,37.558083848],[126.975781061,37.558088881],[126.97691324,37.558093902],[126.978045419,37.558098913],[126.979177599,37.558103913],[126.980309779,37.558108901],[126.981441959,37.55811388],[126.982574139,37.558118847],[126.98370632,37.558123803],[126.984838501,37.558128749],[126.985970682,37.558133683],[126.987102864,37.558138607],[126.988235046,37.55814352],[126.989367228,37.558148422],[126.99049941,37.558153313],[126.991631593,37.558158194],[126.992763776,37.558163063],[126.993895959,37.558167922],[126.995028142,37.55817277],[126.996160326,37.558177606],[126.99729251,37.558182433],[126.998424695,37.558187248],[126.999556879,37.558192052],[127.000689064,37.558196846],[127.001821249,37.558201628],[127.002953434,37.5582064],[127.00408562,37.558211161],[127.005217806,37.558215911],[127.006349992,37.55822065],[127.007482178,37.558225379],[127.008614365,37.558230096],[127.009746552,37.558234803],[127.010878739,37.558239499],[127.012010927,37.558244184],[127.013143114,37.558248858],[127.014275302,37.558253521],[127.015407491,37.558258173],[127.016539679,37.558262815],[127.017671868,37.558267446],[127.018804057,37.558272065],[127.019936246,37.558276674],[127.021068436,37.558281272],[127.022200626,37.55828586],[127.023332816,37.558290436],[127.024465006,37.558295002],[127.025597197,37.558299556],[127.026729388,37.5583041],[127.027861579,37.558308633],[127.02899377,37.558313155],[127.030125962,37.558317666],[127.031258153,37.558322167],[127.032390345,37.558326656],[127.033522538,37.558331135],[127.03465473,37.558335603],[127.035786923,37.55834006],[127.036919116,37.558344506],[127.03805131,37.558348941],[127.039183503,37.558353366],[127.040315697,37.558357779],[127.041447891,37.558362182],[127.042580086,37.558366574],[127.04371228,37.558370955],[127.044844475,37.558375325],[127.04597667,37.558379684],[127.047108865,37.558384032],[127.048241061,37.55838837],[127.049373257,37.558392697],[127.050505453,37.558397012],[127.051637649,37.558401317],[127.052769846,37.558405611],[127.053902042,37.558409895],[127.055034239,37.558414167],[127.056166436,37.558418429],[127.057298634,37.558422679],[127.058430832,37.558426919]],[[126.97237817,37.55897507],[126.973510362,37.558980125],[126.974642554,37.558985168],[126.975774746,37.558990201],[126.976906939,37.558995222],[126.978039132,37.559000233],[126.979171325,37.559005233],[126.980303519,37.559010222],[126.981435712,37.5590152],[126.982567906,37.559020168],[126.983700101,37.559025124],[126.984832295,37.55903007],[126.98596449,37.559035005],[126.987096686,37.559039929],[126.988228881,37.559044842],[126.989361077,37.559049744],[126.990493273,37.559054635],[126.991625469,37.559059516],[126.992757666,37.559064385],[126.993889863,37.559069244],[126.99502206,37.559074092],[126.996154257,37.559078929],[126.997286455,37.559083755],[126.998418653,37.559088571],[126.999550851,37.559093375],[127.000683049,37.559098169],[127.001815248,37.559102952],[127.002947447,37.559107724],[127.004079646,37.559112485],[127.005211846,37.559117235],[127.006344046,37.559121975],[127.007476246,37.559126703],[127.008608446,37.559131421],[127.009740647,37.559136128],[127.010872847,37.559140823],[127.012005048,37.559145509],[127.01313725,37.559150183],[127.014269451,37.559154846],[127.015401653,37.559159499],[127.016533856,37.55916414],[127.017666058,37.559168771],[127.018798261,37.559173391],[127.019930464,37.559178],[127.021062667,37.559182599],[127.02219487,37.559187186],[127.023327074,37.559191762],[127.024459278,37.559196328],[127.025591482,37.559200883],[127.026723687,37.559205427],[127.027855891,37.55920996],[127.028988096,37.559214482],[127.030120301,37.559218994],[127.031252507,37.559223494],[127.032384713,37.559227984],[127.033516919,37.559232463],[127.034649125,37.559236931],[127.035781331,37.559241388],[127.036913538,37.559245834],[127.038045745,37.559250269],[127.039177952,37.559254694],[127.04031016,37.559259108],[127.041442368,37.55926351],[127.042574575,37.559267902],[127.043706784,37.559272284],[127.044838992,37.559276654],[127.045971201,37.559281013],[127.04710341,37.559285362],[127.048235619,37.559289699],[127.049367828,37.559294026],[127.050500038,37.559298342],[127.051632248,37.559302647],[127.052764458,37.559306942],[127.053896669,37.559311225],[127.055028879,37.559315498],[127.05616109,37.559319759],[127.057293301,37.55932401],[127.058425513,37.55932825]],[[126.972371814,37.55987639],[126.973504019,37.559881444],[126.974636225,37.559886488],[126.975768431,37.55989152],[126.976900638,37.559896542],[126.978032844,37.559901553],[126.979165051,37.559906553],[126.980297258,37.559911542],[126.981429466,37.559916521],[126.982561673,37.559921488],[126.983693881,37.559926445],[126.98482609,37.559931391],[126.985958298,37.559936326],[126.987090507,37.55994125],[126.988222716,37.559946163],[126.989354926,37.559951066],[126.990487135,37.559955957],[126.991619345,37.559960838],[126.992751555,37.559965708],[126.993883766,37.559970566],[126.995015977,37.559975415],[126.996148188,37.559980252],[126.997280399,37.559985078],[126.99841261,37.559989894],[126.999544822,37.559994698],[127.000677034,37.559999492],[127.001809247,37.560004275],[127.002941459,37.560009047],[127.004073672,37.560013809],[127.005205885,37.560018559],[127.006338099,37.560023299],[127.007470313,37.560028027],[127.008602527,37.560032745],[127.009734741,37.560037452],[127.010866955,37.560042148],[127.01199917,37.560046833],[127.013131385,37.560051508],[127.0142636,37.560056171],[127.015395816,37.560060824],[127.016528032,37.560065466],[127.017660248,37.560070097],[127.018792464,37.560074717],[127.019924681,37.560079326],[127.021056897,37.560083925],[127.022189114,37.560088512],[127.023321332,37.560093089],[127.024453549,37.560097655],[127.025585767,37.56010221],[127.026717985,37.560106754],[127.027850204,37.560111287],[127.028982422,37.560115809],[127.030114641,37.560120321],[127.03124686,37.560124822],[127.03237908,37.560129311],[127.033511299,37.56013379],[127.034643519,37.560138258],[127.035775739,37.560142716],[127.03690796,37.560147162],[127.03804018,37.560151598],[127.039172401,37.560156022],[127.040304622,37.560160436],[127.041436844,37.560164839],[127.042569065,37.560169231],[127.043701287,37.560173612],[127.044833509,37.560177983],[127.045965731,37.560182342],[127.047097954,37.560186691],[127.048230177,37.560191029],[127.0493624,37.560195356],[127.050494623,37.560199672],[127.051626847,37.560203977],[127.052759071,37.560208272],[127.053891295,37.560212555],[127.055023519,37.560216828],[127.056155743,37.56022109],[127.057287968,37.560225341],[127.058420193,37.560229581]],[[126.972365458,37.560777709],[126.973497677,37.560782763],[126.974629896,37.560787807],[126.975762116,37.56079284],[126.976894336,37.560797862],[126.978026556,37.560802873],[126.979158777,37.560807873],[126.980290998,37.560812863],[126.981423219,37.560817841],[126.98255544,37.560822809],[126.983687662,37.560827766],[126.984819884,37.560832712],[126.985952106,37.560837647],[126.987084328,37.560842571],[126.988216551,37.560847484],[126.989348774,37.560852387],[126.990480997,37.560857279],[126.991613221,37.56086216],[126.992745445,37.56086703],[126.993877669,37.560871889],[126.995009893,37.560876737],[126.996142118,37.560881574],[126.997274343,37.560886401],[126.998406568,37.560891217],[126.999538793,37.560896021],[127.000671019,37.560900815],[127.001803245,37.560905598],[127.002935471,37.560910371],[127.004067698,37.560915132],[127.005199925,37.560919883],[127.006332152,37.560924622],[127.007464379,37.560929351],[127.008596607,37.560934069],[127.009728835,37.560938776],[127.010861063,37.560943473],[127.011993291,37.560948158],[127.01312552,37.560952833],[127.014257749,37.560957496],[127.015389978,37.560962149],[127.016522207,37.560966791],[127.017654437,37.560971422],[127.018786667,37.560976042],[127.019918897,37.560980652],[127.021051128,37.56098525],[127.022183358,37.560989838],[127.023315589,37.560994415],[127.024447821,37.560998981],[127.025580052,37.561003536],[127.026712284,37.56100808],[127.027844516,37.561012614],[127.028976748,37.561017136],[127.030108981,37.561021648],[127.031241213,37.561026149],[127.032373446,37.561030639],[127.03350568,37.561035118],[127.034637913,37.561039586],[127.035770147,37.561044043],[127.036902381,37.56104849],[127.038034615,37.561052926],[127.03916685,37.56105735],[127.040299084,37.561061764],[127.041431319,37.561066168],[127.042563555,37.56107056],[127.04369579,37.561074941],[127.044828026,37.561079312],[127.045960262,37.561083671],[127.047092498,37.56108802],[127.048224735,37.561092358],[127.049356971,37.561096685],[127.050489208,37.561101002],[127.051621445,37.561105307],[127.052753683,37.561109601],[127.053885921,37.561113885],[127.055018158,37.561118158],[127.056150397,37.56112242],[127.057282635,37.561126671],[127.058414874,37.561130911]],[[126.972359101,37.561679028],[126.973491334,37.561684083],[126.974623567,37.561689126],[126.975755801,37.561694159],[126.976888034,37.561699182],[126.978020268,37.561704193],[126.979152502,37.561709193],[126.980284737,37.561714183],[126.981416971,37.561719161],[126.982549206,37.561724129],[126.983681442,37.561729086],[126.984813677,37.561734032],[126.985945913,37.561738968],[126.987078149,37.561743892],[126.988210386,37.561748806],[126.989342622,37.561753708],[126.990474859,37.5617586],[126.991607096,37.561763481],[126.992739334,37.561768351],[126.993871572,37.561773211],[126.99500381,37.561778059],[126.996136048,37.561782897],[126.997268286,37.561787723],[126.998400525,37.561792539],[126.999532764,37.561797344],[127.000665004,37.561802138],[127.001797243,37.561806922],[127.002929483,37.561811694],[127.004061724,37.561816456],[127.005193964,37.561821206],[127.006326205,37.561825946],[127.007458446,37.561830675],[127.008590687,37.561835393],[127.009722928,37.561840101],[127.01085517,37.561844797],[127.011987412,37.561849482],[127.013119654,37.561854157],[127.014251897,37.561858821],[127.01538414,37.561863474],[127.016516383,37.561868116],[127.017648626,37.561872747],[127.01878087,37.561877368],[127.019913114,37.561881977],[127.021045358,37.561886576],[127.022177602,37.561891164],[127.023309847,37.561895741],[127.024442092,37.561900307],[127.025574337,37.561904862],[127.026706582,37.561909407],[127.027838828,37.56191394],[127.028971074,37.561918463],[127.03010332,37.561922975],[127.031235566,37.561927476],[127.032367813,37.561931966],[127.03350006,37.561936445],[127.034632307,37.561940913],[127.035764554,37.561945371],[127.036896802,37.561949818],[127.03802905,37.561954254],[127.039161298,37.561958678],[127.040293546,37.561963093],[127.041425795,37.561967496],[127.042558044,37.561971888],[127.043690293,37.56197627],[127.044822542,37.56198064],[127.045954792,37.561985],[127.047087042,37.561989349],[127.048219292,37.561993687],[127.049351542,37.561998015],[127.050483793,37.562002331],[127.051616044,37.562006637],[127.052748295,37.562010931],[127.053880546,37.562015215],[127.055012798,37.562019488],[127.056145049,37.56202375],[127.057277301,37.562028001],[127.058409554,37.562032242]],[[126.972352745,37.562580347],[126.973484991,37.562585402],[126.974617238,37.562590446],[126.975749485,37.562595479],[126.976881732,37.562600501],[126.97801398,37.562605512],[126.979146227,37.562610513],[126.980278475,37.562615503],[126.981410724,37.562620482],[126.982542972,37.56262545],[126.983675221,37.562630407],[126.984807471,37.562635353],[126.98593972,37.562640289],[126.98707197,37.562645213],[126.98820422,37.562650127],[126.98933647,37.56265503],[126.990468721,37.562659922],[126.991600972,37.562664803],[126.992733223,37.562669673],[126.993865474,37.562674533],[126.994997726,37.562679381],[126.996129978,37.562684219],[126.99726223,37.562689046],[126.998394482,37.562693862],[126.999526735,37.562698667],[127.000658988,37.562703461],[127.001791241,37.562708245],[127.002923495,37.562713017],[127.004055749,37.562717779],[127.005188003,37.56272253],[127.006320257,37.56272727],[127.007452512,37.562731999],[127.008584767,37.562736717],[127.009717022,37.562741425],[127.010849277,37.562746121],[127.011981533,37.562750807],[127.013113789,37.562755482],[127.014246045,37.562760146],[127.015378301,37.562764799],[127.016510558,37.562769441],[127.017642815,37.562774072],[127.018775072,37.562778693],[127.01990733,37.562783303],[127.021039588,37.562787902],[127.022171846,37.56279249],[127.023304104,37.562797067],[127.024436362,37.562801633],[127.025568621,37.562806188],[127.02670088,37.562810733],[127.027833139,37.562815267],[127.028965399,37.562819789],[127.030097659,37.562824301],[127.031229919,37.562828803],[127.032362179,37.562833293],[127.03349444,37.562837772],[127.0346267,37.562842241],[127.035758961,37.562846698],[127.036891223,37.562851145],[127.038023484,37.562855581],[127.039155746,37.562860006],[127.040288008,37.562864421],[127.04142027,37.562868824],[127.042552533,37.562873217],[127.043684796,37.562877598],[127.044817059,37.562881969],[127.045949322,37.562886329],[127.047081585,37.562890678],[127.048213849,37.562895016],[127.049346113,37.562899344],[127.050478377,37.56290366],[127.051610642,37.562907966],[127.052742907,37.562912261],[127.053875171,37.562916545],[127.055007437,37.562920818],[127.056139702,37.56292508],[127.057271968,37.562929331],[127.058404234,37.562933572]],[[126.972346388,37.563481665],[126.973478648,37.56348672],[126.974610908,37.563491765],[126.975743169,37.563496798],[126.97687543,37.56350182],[126.978007691,37.563506832],[126.979139952,37.563511833],[126.980272214,37.563516823],[126.981404476,37.563521802],[126.982536738,37.56352677],[126.983669001,37.563531727],[126.984801264,37.563536674],[126.985933527,37.563541609],[126.98706579,37.563546534],[126.988198054,37.563551448],[126.989330318,37.563556351],[126.990462582,37.563561243],[126.991594846,37.563566124],[126.992727111,37.563570995],[126.993859376,37.563575854],[126.994991642,37.563580703],[126.996123907,37.563585541],[126.997256173,37.563590368],[126.998388439,37.563595184],[126.999520706,37.563599989],[127.000652972,37.563604784],[127.001785239,37.563609567],[127.002917506,37.56361434],[127.004049774,37.563619102],[127.005182041,37.563623853],[127.006314309,37.563628593],[127.007446578,37.563633322],[127.008578846,37.563638041],[127.009711115,37.563642748],[127.010843384,37.563647445],[127.011975653,37.563652131],[127.013107923,37.563656806],[127.014240193,37.56366147],[127.015372463,37.563666123],[127.016504733,37.563670766],[127.017637004,37.563675397],[127.018769275,37.563680018],[127.019901546,37.563684628],[127.021033817,37.563689227],[127.022166089,37.563693815],[127.023298361,37.563698392],[127.024430633,37.563702959],[127.025562905,37.563707514],[127.026695178,37.563712059],[127.027827451,37.563716593],[127.028959724,37.563721116],[127.030091997,37.563725628],[127.031224271,37.563730129],[127.032356545,37.56373462],[127.033488819,37.563739099],[127.034621094,37.563743568],[127.035753368,37.563748026],[127.036885643,37.563752473],[127.038017918,37.563756909],[127.039150194,37.563761334],[127.040282469,37.563765749],[127.041414745,37.563770152],[127.042547022,37.563774545],[127.043679298,37.563778927],[127.044811575,37.563783298],[127.045943852,37.563787658],[127.047076129,37.563792007],[127.048208406,37.563796345],[127.049340684,37.563800673],[127.050472962,37.563804989],[127.05160524,37.563809295],[127.052737518,37.56381359],[127.053869797,37.563817874],[127.055002075,37.563822148],[127.056134355,37.56382641],[127.057266634,37.563830661],[127.058398913,37.563834902]],[[126.972340031,37.564382984],[126.973472304,37.564388039],[126.974604578,37.564393083],[126.975736852,37.564398117],[126.976869127,37.56440314],[126.978001402,37.564408151],[126.979133677,37.564413152],[126.980265952,37.564418142],[126.981398228,37.564423122],[126.982530504,37.56442809],[126.98366278,37.564433047],[126.984795057,37.564437994],[126.985927333,37.56444293],[126.98705961,37.564447855],[126.988191888,37.564452769],[126.989324165,37.564457672],[126.990456443,37.564462564],[126.991588721,37.564467446],[126.992721,37.564472316],[126.993853278,37.564477176],[126.994985557,37.564482025],[126.996117836,37.564486863],[126.997250116,37.56449169],[126.998382396,37.564496506],[126.999514676,37.564501312],[127.000646956,37.564506106],[127.001779236,37.56451089],[127.002911517,37.564515663],[127.004043798,37.564520425],[127.00517608,37.564525176],[127.006308361,37.564529916],[127.007440643,37.564534646],[127.008572925,37.564539365],[127.009705208,37.564544072],[127.010837491,37.564548769],[127.011969773,37.564553455],[127.013102057,37.56455813],[127.01423434,37.564562795],[127.015366624,37.564567448],[127.016498908,37.564572091],[127.017631192,37.564576722],[127.018763477,37.564581343],[127.019895761,37.564585953],[127.021028046,37.564590552],[127.022160332,37.564595141],[127.023292617,37.564599718],[127.024424903,37.564604285],[127.025557189,37.56460884],[127.026689475,37.564613385],[127.027821762,37.564617919],[127.028954049,37.564622442],[127.030086336,37.564626954],[127.031218623,37.564631456],[127.032350911,37.564635946],[127.033483199,37.564640426],[127.034615487,37.564644895],[127.035747775,37.564649353],[127.036880063,37.5646538],[127.038012352,37.564658236],[127.039144641,37.564662662],[127.040276931,37.564667076],[127.04140922,37.56467148],[127.04254151,37.564675873],[127.0436738,37.564680255],[127.04480609,37.564684626],[127.045938381,37.564688986],[127.047070672,37.564693335],[127.048202963,37.564697674],[127.049335254,37.564702002],[127.050467546,37.564706318],[127.051599837,37.564710624],[127.052732129,37.56471492],[127.053864421,37.564719204],[127.054996714,37.564723477],[127.056129007,37.56472774],[127.0572613,37.564731991],[127.058393593,37.564736232]],[[126.972333673,37.565284302],[126.97346596,37.565289358],[126.974598248,37.565294402],[126.975730536,37.565299436],[126.976862824,37.565304459],[126.977995113,37.565309471],[126.979127401,37.565314472],[126.98025969,37.565319462],[126.98139198,37.565324441],[126.982524269,37.56532941],[126.983656559,37.565334367],[126.984788849,37.565339314],[126.985921139,37.56534425],[126.98705343,37.565349175],[126.988185721,37.565354089],[126.989318012,37.565358993],[126.990450304,37.565363885],[126.991582596,37.565368767],[126.992714888,37.565373638],[126.99384718,37.565378497],[126.994979472,37.565383346],[126.996111765,37.565388185],[126.997244058,37.565393012],[126.998376352,37.565397828],[126.999508646,37.565402634],[127.000640939,37.565407429],[127.001773234,37.565412213],[127.002905528,37.565416986],[127.004037823,37.565421748],[127.005170118,37.565426499],[127.006302413,37.56543124],[127.007434709,37.565435969],[127.008567004,37.565440688],[127.009699301,37.565445396],[127.010831597,37.565450093],[127.011963893,37.565454779],[127.01309619,37.565459454],[127.014228487,37.565464119],[127.015360785,37.565468772],[127.016493082,37.565473415],[127.01762538,37.565478047],[127.018757678,37.565482668],[127.019889977,37.565487278],[127.021022275,37.565491877],[127.022154574,37.565496466],[127.023286874,37.565501043],[127.024419173,37.56550561],[127.025551473,37.565510166],[127.026683773,37.565514711],[127.027816073,37.565519245],[127.028948373,37.565523768],[127.030080674,37.565528281],[127.031212975,37.565532782],[127.032345276,37.565537273],[127.033477578,37.565541753],[127.034609879,37.565546222],[127.035742181,37.56555068],[127.036874484,37.565555127],[127.038006786,37.565559564],[127.039139089,37.565563989],[127.040271392,37.565568404],[127.041403695,37.565572808],[127.042535998,37.565577201],[127.043668302,37.565581583],[127.044800606,37.565585954],[127.04593291,37.565590314],[127.047065215,37.565594664],[127.048197519,37.565599003],[127.049329824,37.56560333],[127.050462129,37.565607647],[127.051594435,37.565611953],[127.05272674,37.565616249],[127.053859046,37.565620533],[127.054991352,37.565624807],[127.056123659,37.565629069],[127.057255965,37.565633321],[127.058388272,37.565637562]],[[126.972327315,37.566185621],[126.973459616,37.566190676],[126.974591917,37.566195721],[126.975724219,37.566200755],[126.976856521,37.566205778],[126.977988823,37.56621079],[126.979121125,37.566215791],[126.980253428,37.566220781],[126.981385731,37.566225761],[126.982518034,37.566230729],[126.983650338,37.566235687],[126.984782641,37.566240634],[126.985914945,37.56624557],[126.98704725,37.566250495],[126.988179554,37.56625541],[126.989311859,37.566260313],[126.990444164,37.566265206],[126.99157647,37.566270088],[126.992708775,37.566274959],[126.993841081,37.566279819],[126.994973387,37.566284668],[126.996105694,37.566289506],[126.997238001,37.566294334],[126.998370308,37.56629915],[126.999502615,37.566303956],[127.000634923,37.566308751],[127.001767231,37.566313535],[127.002899539,37.566318308],[127.004031847,37.566323071],[127.005164156,37.566327822],[127.006296465,37.566332563],[127.007428774,37.566337292],[127.008561083,37.566342011],[127.009693393,37.566346719],[127.010825703,37.566351417],[127.011958013,37.566356103],[127.013090324,37.566360778],[127.014222634,37.566365443],[127.015354945,37.566370097],[127.016487257,37.56637474],[127.017619568,37.566379372],[127.01875188,37.566383993],[127.019884192,37.566388603],[127.021016504,37.566393202],[127.022148817,37.566397791],[127.02328113,37.566402369],[127.024413443,37.566406936],[127.025545756,37.566411492],[127.02667807,37.566416037],[127.027810383,37.566420571],[127.028942698,37.566425094],[127.030075012,37.566429607],[127.031207327,37.566434109],[127.032339641,37.5664386],[127.033471956,37.56644308],[127.034604272,37.566447549],[127.035736587,37.566452007],[127.036868903,37.566456454],[127.038001219,37.566460891],[127.039133536,37.566465317],[127.040265852,37.566469731],[127.041398169,37.566474135],[127.042530486,37.566478528],[127.043662804,37.566482911],[127.044795121,37.566487282],[127.045927439,37.566491643],[127.047059757,37.566495992],[127.048192075,37.566500331],[127.049324394,37.566504659],[127.050456713,37.566508976],[127.051589032,37.566513282],[127.052721351,37.566517578],[127.053853671,37.566521862],[127.05498599,37.566526136],[127.05611831,37.566530399],[127.057250631,37.566534651],[127.058382951,37.566538892]],[[126.972320957,37.567086939],[126.973453272,37.567091994],[126.974585587,37.567097039],[126.975717902,37.567102073],[126.976850217,37.567107096],[126.977982533,37.567112109],[126.979114849,37.56711711],[126.980247165,37.567122101],[126.981379482,37.56712708],[126.982511799,37.567132049],[126.983644116,37.567137007],[126.984776433,37.567141954],[126.985908751,37.56714689],[126.987041069,37.567151816],[126.988173387,37.56715673],[126.989305706,37.567161634],[126.990438024,37.567166527],[126.991570343,37.567171409],[126.992702663,37.56717628],[126.993834982,37.56718114],[126.994967302,37.567185989],[126.996099622,37.567190828],[126.997231943,37.567195655],[126.998364263,37.567200472],[126.999496584,37.567205278],[127.000628906,37.567210073],[127.001761227,37.567214857],[127.002893549,37.567219631],[127.004025871,37.567224393],[127.005158193,37.567229145],[127.006290516,37.567233886],[127.007422839,37.567238616],[127.008555162,37.567243335],[127.009687485,37.567248043],[127.010819809,37.56725274],[127.011952132,37.567257427],[127.013084457,37.567262102],[127.014216781,37.567266767],[127.015349106,37.567271421],[127.016481431,37.567276064],[127.017613756,37.567280696],[127.018746081,37.567285317],[127.019878407,37.567289928],[127.021010733,37.567294527],[127.022143059,37.567299116],[127.023275385,37.567303694],[127.024407712,37.567308261],[127.025540039,37.567312817],[127.026672366,37.567317362],[127.027804694,37.567321897],[127.028937022,37.56732642],[127.03006935,37.567330933],[127.031201678,37.567335435],[127.032334006,37.567339926],[127.033466335,37.567344406],[127.034598664,37.567348875],[127.035730993,37.567353334],[127.036863323,37.567357781],[127.037995653,37.567362218],[127.039127983,37.567366644],[127.040260313,37.567371059],[127.041392643,37.567375463],[127.042524974,37.567379856],[127.043657305,37.567384238],[127.044789636,37.56738861],[127.045921968,37.567392971],[127.047054299,37.56739732],[127.048186631,37.567401659],[127.049318964,37.567405987],[127.050451296,37.567410305],[127.051583629,37.567414611],[127.052715962,37.567418907],[127.053848295,37.567423191],[127.054980628,37.567427465],[127.056112962,37.567431728],[127.057245296,37.56743598],[127.05837763,37.567440221]],[[126.972314599,37.567988257],[126.973446927,37.567993313],[126.974579256,37.567998358],[126.975711584,37.568003392],[126.976843914,37.568008415],[126.977976243,37.568013427],[126.979108573,37.568018429],[126.980240902,37.56802342],[126.981373233,37.5680284],[126.982505563,37.568033369],[126.983637894,37.568038327],[126.984770225,37.568043274],[126.985902556,37.56804821],[126.987034888,37.568053136],[126.98816722,37.568058051],[126.989299552,37.568062954],[126.990431884,37.568067847],[126.991564217,37.568072729],[126.99269655,37.568077601],[126.993828883,37.568082461],[126.994961217,37.568087311],[126.996093551,37.568092149],[126.997225885,37.568096977],[126.998358219,37.568101794],[126.999490553,37.5681066],[127.000622888,37.568111395],[127.001755223,37.56811618],[127.002887559,37.568120953],[127.004019895,37.568125716],[127.00515223,37.568130467],[127.006284567,37.568135208],[127.007416903,37.568139938],[127.00854924,37.568144658],[127.009681577,37.568149366],[127.010813914,37.568154063],[127.011946252,37.56815875],[127.013078589,37.568163426],[127.014210927,37.568168091],[127.015343266,37.568172745],[127.016475604,37.568177388],[127.017607943,37.56818202],[127.018740282,37.568186642],[127.019872621,37.568191252],[127.021004961,37.568195852],[127.022137301,37.568200441],[127.023269641,37.568205019],[127.024401981,37.568209586],[127.025534322,37.568214142],[127.026666663,37.568218688],[127.027799004,37.568223222],[127.028931345,37.568227746],[127.030063687,37.568232259],[127.031196029,37.568236761],[127.032328371,37.568241252],[127.033460713,37.568245732],[127.034593056,37.568250202],[127.035725399,37.56825466],[127.036857742,37.568259108],[127.037990085,37.568263545],[127.039122429,37.568267971],[127.040254773,37.568272386],[127.041387117,37.56827679],[127.042519461,37.568281184],[127.043651806,37.568285566],[127.044784151,37.568289938],[127.045916496,37.568294299],[127.047048841,37.568298649],[127.048181187,37.568302988],[127.049313533,37.568307316],[127.050445879,37.568311633],[127.051578225,37.56831594],[127.052710572,37.568320235],[127.053842919,37.56832452],[127.054975266,37.568328794],[127.056107613,37.568333057],[127.05723996,37.568337309],[127.058372308,37.568341551]],[[126.97230824,37.568889575],[126.973440582,37.568894631],[126.974572924,37.568899676],[126.975705267,37.56890471],[126.976837609,37.568909734],[126.977969952,37.568914746],[126.979102296,37.568919748],[126.980234639,37.568924739],[126.981366983,37.568929719],[126.982499327,37.568934688],[126.983631672,37.568939646],[126.984764016,37.568944594],[126.985896361,37.56894953],[126.987028707,37.568954456],[126.988161052,37.568959371],[126.989293398,37.568964275],[126.990425744,37.568969168],[126.99155809,37.56897405],[126.992690437,37.568978921],[126.993822784,37.568983782],[126.994955131,37.568988632],[126.996087478,37.56899347],[126.997219826,37.568998298],[126.998352174,37.569003115],[126.999484522,37.569007922],[127.000616871,37.569012717],[127.00174922,37.569017502],[127.002881569,37.569022275],[127.004013918,37.569027038],[127.005146267,37.56903179],[127.006278617,37.569036531],[127.007410967,37.569041261],[127.008543318,37.569045981],[127.009675668,37.569050689],[127.010808019,37.569055387],[127.01194037,37.569060073],[127.013072722,37.569064749],[127.014205074,37.569069414],[127.015337426,37.569074069],[127.016469778,37.569078712],[127.01760213,37.569083344],[127.018734483,37.569087966],[127.019866836,37.569092577],[127.020999189,37.569097177],[127.022131543,37.569101766],[127.023263896,37.569106344],[127.02439625,37.569110911],[127.025528605,37.569115468],[127.026660959,37.569120013],[127.027793314,37.569124548],[127.028925669,37.569129072],[127.030058024,37.569133585],[127.03119038,37.569138087],[127.032322735,37.569142578],[127.033455092,37.569147059],[127.034587448,37.569151528],[127.035719804,37.569155987],[127.036852161,37.569160435],[127.037984518,37.569164872],[127.039116875,37.569169298],[127.040249233,37.569173713],[127.041381591,37.569178117],[127.042513949,37.569182511],[127.043646307,37.569186894],[127.044778666,37.569191265],[127.045911024,37.569195626],[127.047043383,37.569199976],[127.048175743,37.569204316],[127.049308102,37.569208644],[127.050440462,37.569212962],[127.051572822,37.569217268],[127.052705182,37.569221564],[127.053837542,37.569225849],[127.054969903,37.569230123],[127.056102264,37.569234386],[127.057234625,37.569238638],[127.058366987,37.56924288]],[[126.972301881,37.569790892],[126.973434237,37.569795949],[126.974566593,37.569800994],[126.975698949,37.569806028],[126.976831305,37.569811052],[126.977963662,37.569816065],[126.979096019,37.569821067],[126.980228376,37.569826058],[126.981360733,37.569831038],[126.982493091,37.569836007],[126.983625449,37.569840966],[126.984757808,37.569845913],[126.985890166,37.56985085],[126.987022525,37.569855776],[126.988154884,37.569860691],[126.989287244,37.569865595],[126.990419603,37.569870488],[126.991551963,37.56987537],[126.992684324,37.569880242],[126.993816684,37.569885103],[126.994949045,37.569889953],[126.996081406,37.569894792],[126.997213767,37.56989962],[126.998346129,37.569904437],[126.999478491,37.569909243],[127.000610853,37.569914039],[127.001743215,37.569918823],[127.002875578,37.569923597],[127.004007941,37.56992836],[127.005140304,37.569933112],[127.006272668,37.569937853],[127.007405031,37.569942584],[127.008537395,37.569947303],[127.00966976,37.569952012],[127.010802124,37.56995671],[127.011934489,37.569961397],[127.013066854,37.569966073],[127.014199219,37.569970738],[127.015331585,37.569975392],[127.016463951,37.569980036],[127.017596317,37.569984668],[127.018728683,37.56998929],[127.01986105,37.569993901],[127.020993417,37.569998501],[127.022125784,37.57000309],[127.023258151,37.570007669],[127.024390519,37.570012236],[127.025522887,37.570016793],[127.026655255,37.570021338],[127.027787624,37.570025873],[127.028919992,37.570030397],[127.030052361,37.57003491],[127.03118473,37.570039413],[127.0323171,37.570043904],[127.033449469,37.570048385],[127.034581839,37.570052854],[127.035714209,37.570057313],[127.03684658,37.570061761],[127.037978951,37.570066198],[127.039111321,37.570070624],[127.040243693,37.57007504],[127.041376064,37.570079444],[127.042508436,37.570083838],[127.043640808,37.570088221],[127.04477318,37.570092593],[127.045905552,37.570096954],[127.047037925,37.570101304],[127.048170298,37.570105644],[127.049302671,37.570109972],[127.050435044,37.57011429],[127.051567418,37.570118596],[127.052699792,37.570122892],[127.053832166,37.570127177],[127.05496454,37.570131452],[127.056096915,37.570135715],[127.057229289,37.570139968],[127.058361665,37.570144209]],[[126.972295522,37.57069221],[126.973427891,37.570697266],[126.974560261,37.570702312],[126.97569263,37.570707346],[126.976825,37.57071237],[126.977957371,37.570717383],[126.979089741,37.570722385],[126.980222112,37.570727376],[126.981354483,37.570732357],[126.982486855,37.570737326],[126.983619226,37.570742285],[126.984751598,37.570747232],[126.985883971,37.570752169],[126.987016343,37.570757095],[126.988148716,37.57076201],[126.989281089,37.570766915],[126.990413462,37.570771808],[126.991545836,37.570776691],[126.99267821,37.570781562],[126.993810584,37.570786423],[126.994942959,37.570791273],[126.996075333,37.570796112],[126.997207708,37.570800941],[126.998340084,37.570805758],[126.999472459,37.570810565],[127.000604835,37.57081536],[127.001737211,37.570820145],[127.002869587,37.570824919],[127.004001964,37.570829682],[127.005134341,37.570834434],[127.006266718,37.570839176],[127.007399095,37.570843906],[127.008531473,37.570848626],[127.009663851,37.570853335],[127.010796229,37.570858033],[127.011928607,37.57086272],[127.013060986,37.570867396],[127.014193365,37.570872061],[127.015325744,37.570876716],[127.016458124,37.570881359],[127.017590504,37.570885992],[127.018722884,37.570890614],[127.019855264,37.570895225],[127.020987644,37.570899825],[127.022120025,37.570904415],[127.023252406,37.570908993],[127.024384787,37.570913561],[127.025517169,37.570918117],[127.026649551,37.570922663],[127.027781933,37.570927198],[127.028914315,37.570931723],[127.030046698,37.570936236],[127.031179081,37.570940738],[127.032311464,37.57094523],[127.033443847,37.570949711],[127.034576231,37.57095418],[127.035708614,37.570958639],[127.036840998,37.570963087],[127.037973383,37.570967525],[127.039105767,37.570971951],[127.040238152,37.570976367],[127.041370537,37.570980771],[127.042502923,37.570985165],[127.043635308,37.570989548],[127.044767694,37.57099392],[127.04590008,37.570998281],[127.047032466,37.571002632],[127.048164853,37.571006971],[127.049297239,37.5710113],[127.050429626,37.571015618],[127.051562014,37.571019925],[127.052694401,37.571024221],[127.053826789,37.571028506],[127.054959177,37.57103278],[127.056091565,37.571037044],[127.057223954,37.571041296],[127.058356342,37.571045538]],[[126.972289163,37.571593527],[126.973421545,37.571598584],[126.974553928,37.57160363],[126.975686312,37.571608664],[126.976818696,37.571613688],[126.977951079,37.571618701],[126.979083464,37.571623704],[126.980215848,37.571628695],[126.981348233,37.571633675],[126.982480618,37.571638645],[126.983613003,37.571643604],[126.984745389,37.571648552],[126.985877775,37.571653489],[126.987010161,37.571658415],[126.988142548,37.57166333],[126.989274934,37.571668235],[126.990407321,37.571673128],[126.991539709,37.571678011],[126.992672096,37.571682883],[126.993804484,37.571687744],[126.994936872,37.571692594],[126.99606926,37.571697433],[126.997201649,37.571702262],[126.998334038,37.571707079],[126.999466427,37.571711886],[127.000598816,37.571716682],[127.001731206,37.571721467],[127.002863596,37.571726241],[127.003995986,37.571731004],[127.005128377,37.571735757],[127.006260768,37.571740498],[127.007393159,37.571745229],[127.00852555,37.571749949],[127.009657942,37.571754657],[127.010790333,37.571759356],[127.011922725,37.571764043],[127.013055118,37.571768719],[127.01418751,37.571773385],[127.015319903,37.571778039],[127.016452296,37.571782683],[127.01758469,37.571787316],[127.018717084,37.571791938],[127.019849477,37.571796549],[127.020981872,37.57180115],[127.022114266,37.571805739],[127.023246661,37.571810318],[127.024379056,37.571814885],[127.025511451,37.571819442],[127.026643846,37.571823988],[127.027776242,37.571828523],[127.028908638,37.571833048],[127.030041034,37.571837561],[127.031173431,37.571842064],[127.032305827,37.571846555],[127.033438224,37.571851036],[127.034570622,37.571855506],[127.035703019,37.571859965],[127.036835417,37.571864414],[127.037967815,37.571868851],[127.039100213,37.571873278],[127.040232611,37.571877693],[127.04136501,37.571882098],[127.042497409,37.571886492],[127.043629808,37.571890875],[127.044762208,37.571895247],[127.045894607,37.571899609],[127.047027007,37.571903959],[127.048159407,37.571908299],[127.049291808,37.571912628],[127.050424209,37.571916946],[127.051556609,37.571921253],[127.052689011,37.571925549],[127.053821412,37.571929834],[127.054953814,37.571934109],[127.056086215,37.571938372],[127.057218618,37.571942625],[127.05835102,37.571946867]],[[126.972282803,37.572494845],[126.973415199,37.572499901],[126.974547596,37.572504947],[126.975679993,37.572509982],[126.97681239,37.572515006],[126.977944788,37.57252002],[126.979077186,37.572525022],[126.980209584,37.572530013],[126.981341982,37.572534994],[126.982474381,37.572539964],[126.98360678,37.572544923],[126.984739179,37.572549871],[126.985871579,37.572554808],[126.987003979,37.572559734],[126.988136379,37.57256465],[126.989268779,37.572569554],[126.99040118,37.572574448],[126.991533581,37.572579331],[126.992665982,37.572584203],[126.993798383,37.572589064],[126.994930785,37.572593915],[126.996063187,37.572598754],[126.997195589,37.572603583],[126.998327992,37.5726084],[126.999460395,37.572613207],[127.000592798,37.572618003],[127.001725201,37.572622788],[127.002857605,37.572627562],[127.003990009,37.572632326],[127.005122413,37.572637078],[127.006254817,37.57264182],[127.007387222,37.572646551],[127.008519627,37.572651271],[127.009652032,37.57265598],[127.010784438,37.572660678],[127.011916843,37.572665366],[127.013049249,37.572670042],[127.014181656,37.572674708],[127.015314062,37.572679363],[127.016446469,37.572684006],[127.017578876,37.57268864],[127.018711283,37.572693262],[127.019843691,37.572697873],[127.020976099,37.572702474],[127.022108507,37.572707063],[127.023240915,37.572711642],[127.024373324,37.57271621],[127.025505732,37.572720767],[127.026638142,37.572725313],[127.027770551,37.572729848],[127.02890296,37.572734373],[127.03003537,37.572738886],[127.03116778,37.572743389],[127.032300191,37.572747881],[127.033432601,37.572752362],[127.034565012,37.572756832],[127.035697423,37.572761291],[127.036829835,37.57276574],[127.037962246,37.572770177],[127.039094658,37.572774604],[127.04022707,37.57277902],[127.041359483,37.572783425],[127.042491895,37.572787819],[127.043624308,37.572792202],[127.044756721,37.572796575],[127.045889135,37.572800936],[127.047021548,37.572805287],[127.048153962,37.572809626],[127.049286376,37.572813955],[127.05041879,37.572818273],[127.051551205,37.572822581],[127.05268362,37.572826877],[127.053816035,37.572831162],[127.05494845,37.572835437],[127.056080865,37.572839701],[127.057213281,37.572843954],[127.058345697,37.572848196]],[[126.972276443,37.573396162],[126.973408853,37.573401219],[126.974541263,37.573406265],[126.975673674,37.5734113],[126.976806085,37.573416324],[126.977938496,37.573421338],[126.979070908,37.57342634],[126.980203319,37.573431332],[126.981335731,37.573436313],[126.982468144,37.573441282],[126.983600556,37.573446242],[126.984732969,37.57345119],[126.985865383,37.573456127],[126.986997796,37.573461054],[126.98813021,37.573465969],[126.989262624,37.573470874],[126.990395038,37.573475768],[126.991527453,37.573480651],[126.992659867,37.573485523],[126.993792283,37.573490384],[126.994924698,37.573495235],[126.996057114,37.573500074],[126.99718953,37.573504903],[126.998321946,37.573509721],[126.999454362,37.573514528],[127.000586779,37.573519324],[127.001719196,37.57352411],[127.002851613,37.573528884],[127.003984031,37.573533648],[127.005116449,37.5735384],[127.006248867,37.573543142],[127.007381285,37.573547873],[127.008513704,37.573552593],[127.009646122,37.573557302],[127.010778541,37.573562001],[127.011910961,37.573566688],[127.013043381,37.573571365],[127.0141758,37.573576031],[127.015308221,37.573580686],[127.016440641,37.57358533],[127.017573062,37.573589963],[127.018705483,37.573594585],[127.019837904,37.573599197],[127.020970325,37.573603797],[127.022102747,37.573608387],[127.023235169,37.573612966],[127.024367591,37.573617534],[127.025500014,37.573622091],[127.026632436,37.573626638],[127.027764859,37.573631173],[127.028897283,37.573635698],[127.030029706,37.573640211],[127.03116213,37.573644714],[127.032294554,37.573649206],[127.033426978,37.573653687],[127.034559403,37.573658158],[127.035691828,37.573662617],[127.036824253,37.573667066],[127.037956678,37.573671503],[127.039089103,37.57367593],[127.040221529,37.573680346],[127.041353955,37.573684751],[127.042486381,37.573689146],[127.043618808,37.573693529],[127.044751235,37.573697901],[127.045883662,37.573702263],[127.047016089,37.573706614],[127.048148516,37.573710954],[127.049280944,37.573715283],[127.050413372,37.573719601],[127.0515458,37.573723908],[127.052678229,37.573728205],[127.053810657,37.573732491],[127.054943086,37.573736765],[127.056075515,37.573741029],[127.057207945,37.573745282],[127.058340374,37.573749524]],[[126.972270082,37.574297479],[126.973402506,37.574302536],[126.97453493,37.574307582],[126.975667355,37.574312617],[126.976799779,37.574317642],[126.977932204,37.574322655],[126.979064629,37.574327658],[126.980197055,37.57433265],[126.98132948,37.574337631],[126.982461906,37.574342601],[126.983594333,37.57434756],[126.984726759,37.574352509],[126.985859186,37.574357446],[126.986991613,37.574362373],[126.988124041,37.574367289],[126.989256468,37.574372193],[126.990388896,37.574377088],[126.991521324,37.574381971],[126.992653753,37.574386843],[126.993786182,37.574391705],[126.994918611,37.574396555],[126.99605104,37.574401395],[126.997183469,37.574406224],[126.998315899,37.574411042],[126.999448329,37.574415849],[127.00058076,37.574420645],[127.00171319,37.574425431],[127.002845621,37.574430205],[127.003978052,37.574434969],[127.005110484,37.574439722],[127.006242916,37.574444464],[127.007375348,37.574449195],[127.00850778,37.574453915],[127.009640212,37.574458625],[127.010772645,37.574463323],[127.011905078,37.574468011],[127.013037511,37.574472688],[127.014169945,37.574477354],[127.015302379,37.574482009],[127.016434813,37.574486653],[127.017567247,37.574491286],[127.018699682,37.574495909],[127.019832117,37.57450052],[127.020964552,37.574505121],[127.022096987,37.574509711],[127.023229423,37.57451429],[127.024361859,37.574518858],[127.025494295,37.574523416],[127.026626731,37.574527962],[127.027759168,37.574532498],[127.028891605,37.574537022],[127.030024042,37.574541536],[127.031156479,37.574546039],[127.032288917,37.574550532],[127.033421355,37.574555013],[127.034553793,37.574559483],[127.035686231,37.574563943],[127.03681867,37.574568392],[127.037951109,37.574572829],[127.039083548,37.574577256],[127.040215988,37.574581672],[127.041348427,37.574586078],[127.042480867,37.574590472],[127.043613307,37.574594856],[127.044745748,37.574599228],[127.045878188,37.57460359],[127.047010629,37.574607941],[127.04814307,37.574612281],[127.049275512,37.57461661],[127.050407953,37.574620929],[127.051540395,37.574625236],[127.052672837,37.574629533],[127.053805279,37.574633818],[127.054937722,37.574638093],[127.056070165,37.574642357],[127.057202608,37.574646611],[127.058335051,37.574650853]],[[126.972263722,37.575198796],[126.973396159,37.575203853],[126.974528597,37.575208899],[126.975661035,37.575213935],[126.976793473,37.575218959],[126.977925912,37.575223973],[126.97905835,37.575228976],[126.98019079,37.575233968],[126.981323229,37.575238949],[126.982455669,37.575243919],[126.983588108,37.575248879],[126.984720549,37.575253827],[126.985852989,37.575258765],[126.98698543,37.575263692],[126.988117871,37.575268608],[126.989250312,37.575273513],[126.990382754,37.575278407],[126.991515196,37.57528329],[126.992647638,37.575288163],[126.99378008,37.575293024],[126.994912523,37.575297875],[126.996044966,37.575302715],[126.997177409,37.575307544],[126.998309853,37.575312362],[126.999442296,37.57531717],[127.00057474,37.575321966],[127.001707185,37.575326752],[127.002839629,37.575331526],[127.003972074,37.57533629],[127.005104519,37.575341043],[127.006236964,37.575345785],[127.00736941,37.575350517],[127.008501856,37.575355237],[127.009634302,37.575359947],[127.010766749,37.575364645],[127.011899195,37.575369333],[127.013031642,37.57537401],[127.014164089,37.575378676],[127.015296537,37.575383332],[127.016428985,37.575387976],[127.017561433,37.575392609],[127.018693881,37.575397232],[127.019826329,37.575401844],[127.020958778,37.575406445],[127.022091227,37.575411035],[127.023223676,37.575415614],[127.024356126,37.575420182],[127.025488576,37.57542474],[127.026621026,37.575429287],[127.027753476,37.575433822],[127.028885926,37.575438347],[127.030018377,37.575442861],[127.031150828,37.575447364],[127.03228328,37.575451857],[127.033415731,37.575456338],[127.034548183,37.575460809],[127.035680635,37.575465268],[127.036813087,37.575469717],[127.03794554,37.575474155],[127.039077993,37.575478582],[127.040210446,37.575482999],[127.041342899,37.575487404],[127.042475353,37.575491798],[127.043607806,37.575496182],[127.04474026,37.575500555],[127.045872715,37.575504917],[127.047005169,37.575509268],[127.048137624,37.575513608],[127.049270079,37.575517937],[127.050402534,37.575522256],[127.05153499,37.575526564],[127.052667445,37.57553086],[127.053799901,37.575535146],[127.054932358,37.575539421],[127.056064814,37.575543685],[127.057197271,37.575547939],[127.058329728,37.575552181]],[[126.972257361,37.576100113],[126.973389812,37.57610517],[126.974522263,37.576110216],[126.975654715,37.576115252],[126.976787167,37.576120277],[126.977919619,37.576125291],[126.979052071,37.576130294],[126.980184524,37.576135286],[126.981316977,37.576140267],[126.98244943,37.576145238],[126.983581884,37.576150197],[126.984714338,37.576155146],[126.985846792,37.576160084],[126.986979246,37.576165011],[126.988111701,37.576169927],[126.989244156,37.576174832],[126.990376611,37.576179726],[126.991509067,37.57618461],[126.992641523,37.576189482],[126.993773979,37.576194344],[126.994906435,37.576199195],[126.996038892,37.576204035],[126.997171348,37.576208864],[126.998303806,37.576213683],[126.999436263,37.57621849],[127.000568721,37.576223287],[127.001701179,37.576228073],[127.002833637,37.576232848],[127.003966095,37.576237612],[127.005098554,37.576242365],[127.006231013,37.576247107],[127.007363472,37.576251838],[127.008495932,37.576256559],[127.009628392,37.576261269],[127.010760852,37.576265968],[127.011893312,37.576270656],[127.013025773,37.576275333],[127.014158233,37.576279999],[127.015290695,37.576284654],[127.016423156,37.576289299],[127.017555618,37.576293932],[127.018688079,37.576298555],[127.019820542,37.576303167],[127.020953004,37.576307768],[127.022085467,37.576312359],[127.02321793,37.576316938],[127.024350393,37.576321506],[127.025482856,37.576326064],[127.02661532,37.576330611],[127.027747784,37.576335147],[127.028880248,37.576339672],[127.030012712,37.576344186],[127.031145177,37.576348689],[127.032277642,37.576353182],[127.033410107,37.576357663],[127.034542573,37.576362134],[127.035675038,37.576366594],[127.036807504,37.576371043],[127.037939971,37.576375481],[127.039072437,37.576379908],[127.040204904,37.576384324],[127.041337371,37.57638873],[127.042469838,37.576393125],[127.043602305,37.576397508],[127.044734773,37.576401881],[127.045867241,37.576406244],[127.046999709,37.576410595],[127.048132178,37.576414935],[127.049264646,37.576419265],[127.050397115,37.576423583],[127.051529584,37.576427891],[127.052662054,37.576432188],[127.053794523,37.576436474],[127.054926993,37.576440749],[127.056059463,37.576445013],[127.057191934,37.576449267],[127.058324404,37.576453509]],[[126.972251,37.577001429],[126.973383464,37.577006487],[126.974515929,37.577011533],[126.975648395,37.577016569],[126.97678086,37.577021594],[126.977913326,37.577026608],[126.979045792,37.577031611],[126.980178258,37.577036604],[126.981310725,37.577041585],[126.982443192,37.577046556],[126.983575659,37.577051515],[126.984708127,37.577056464],[126.985840595,37.577061402],[126.986973063,37.577066329],[126.988105531,37.577071246],[126.989238,37.577076151],[126.990370468,37.577081046],[126.991502938,37.577085929],[126.992635407,37.577090802],[126.993767877,37.577095664],[126.994900347,37.577100515],[126.996032817,37.577105355],[126.997165287,37.577110185],[126.998297758,37.577115003],[126.999430229,37.577119811],[127.000562701,37.577124608],[127.001695172,37.577129393],[127.002827644,37.577134168],[127.003960116,37.577138933],[127.005092589,37.577143686],[127.006225061,37.577148428],[127.007357534,37.57715316],[127.008490007,37.577157881],[127.009622481,37.577162591],[127.010754955,37.57716729],[127.011887428,37.577171978],[127.013019903,37.577176655],[127.014152377,37.577181321],[127.015284852,37.577185977],[127.016417327,37.577190622],[127.017549802,37.577195255],[127.018682278,37.577199878],[127.019814754,37.57720449],[127.02094723,37.577209092],[127.022079706,37.577213682],[127.023212183,37.577218262],[127.024344659,37.57722283],[127.025477136,37.577227388],[127.026609614,37.577231935],[127.027742091,37.577236471],[127.028874569,37.577240996],[127.030007047,37.57724551],[127.031139526,37.577250014],[127.032272004,37.577254506],[127.033404483,37.577258988],[127.034536962,37.577263459],[127.035669442,37.577267919],[127.036801921,37.577272368],[127.037934401,37.577276806],[127.039066881,37.577281234],[127.040199362,37.57728565],[127.041331842,37.577290056],[127.042464323,37.577294451],[127.043596804,37.577298835],[127.044729285,37.577303208],[127.045861767,37.57730757],[127.046994249,37.577311921],[127.048126731,37.577316262],[127.049259213,37.577320592],[127.050391696,37.57732491],[127.051524178,37.577329218],[127.052656661,37.577333515],[127.053789145,37.577337801],[127.054921628,37.577342077],[127.056054112,37.577346341],[127.057186596,37.577350595],[127.05831908,37.577354837]]]}}
